Draft_Yr,Player,College
2018,Deandre Ayton,University of Arizona
2018,Jaren Jackson,Michigan State University
2018,Trae Young,University of Oklahoma
2018,Collin Sexton,University of Alabama
2018,Kevin Knox,University of Kentucky
2018,Mikal Bridges,Villanova University
2018,Shai Gilgeous-Alexander,University of Kentucky
2018,Kevin Huerter,University of Maryland
2017,Lonzo Ball,"University of California, Los Angeles"
2017,Jayson Tatum,Duke University
2017,Josh Jackson,University of Kansas
2017,De'Aaron Fox,University of Kentucky
2017,Jonathan Isaac,Florida State University
2017,Lauri Markkanen,University of Arizona
2017,Dennis Smith,North Carolina State University
2017,Zach Collins,Gonzaga University
2017,Malik Monk,University of Kentucky
2017,Luke Kennard,Duke University
2017,Donovan Mitchell,University of Louisville
2017,Bam Adebayo,University of Kentucky
2017,Justin Jackson,University of North Carolina
2017,John Collins,Wake Forest University
2017,Jarrett Allen,University of Texas at Austin
2017,OG Anunoby,Indiana University
2017,Kyle Kuzma,University of Utah
2017,Josh Hart,Villanova University
2017,Wesley Iwundu,Kansas State University
2017,Semi Ojeleye,Southern Methodist University
2017,Damyean Dotson,University of Oregon
2017,Dillon Brooks,University of Oregon
2017,Sterling Brown,Southern Methodist University
2017,Monte Morris,Iowa State University
2016,Ben Simmons,Louisiana State University
2016,Brandon Ingram,Duke University
2016,Jaylen Brown,University of California
2016,Kris Dunn,Providence College
2016,Buddy Hield,University of Oklahoma
2016,Jamal Murray,University of Kentucky
2016,Marquese Chriss,University of Washington
2016,Jakob Poeltl,University of Utah
2016,Domantas Sabonis,Gonzaga University
2016,Taurean Prince,Baylor University
2016,Denzel Valentine,Michigan State University
2016,Malik Beasley,Florida State University
2016,Caris LeVert,University of Michigan
2016,DeAndre Bembry,Saint Joseph's University
2016,Pascal Siakam,New Mexico State University
2016,Skal Labissiere,University of Kentucky
2016,Dejounte Murray,University of Washington
2016,Tyler Ulis,University of Kentucky
2016,Malcolm Brogdon,University of Virginia
2016,Patrick McCaw,"University of Nevada, Las Vegas"
2016,Isaiah Whitehead,Seton Hall University
2015,Karl-Anthony Towns,University of Kentucky
2015,D'Angelo Russell,Ohio State University
2015,Jahlil Okafor,Duke University
2015,Willie Cauley-Stein,University of Kentucky
2015,Stanley Johnson,University of Arizona
2015,Frank Kaminsky,University of Wisconsin
2015,Justise Winslow,Duke University
2015,Myles Turner,University of Texas at Austin
2015,Trey Lyles,University of Kentucky
2015,Devin Booker,University of Kentucky
2015,Cameron Payne,Murray State University
2015,Kelly Oubre,University of Kansas
2015,Terry Rozier,University of Louisville
2015,Rashad Vaughn,"University of Nevada, Las Vegas"
2015,Sam Dekker,University of Wisconsin
2015,Jerian Grant,University of Notre Dame
2015,Delon Wright,University of Utah
2015,Justin Anderson,University of Virginia
2015,Bobby Portis,University of Arkansas
2015,Rondae Hollis-Jefferson,University of Arizona
2015,Tyus Jones,Duke University
2015,Jarell Martin,Louisiana State University
2015,Larry Nance Jr.,University of Wyoming
2015,Kevon Looney,"University of California, Los Angeles"
2015,Montrezl Harrell,University of Louisville
2015,Richaun Holmes,Bowling Green State University
2015,Josh Richardson,University of Tennessee
2015,Pat Connaughton,University of Notre Dame
2015,Andrew Harrison,University of Kentucky
2015,Norman Powell,"University of California, Los Angeles"
2014,Andrew Wiggins,University of Kansas
2014,Jabari Parker,Duke University
2014,Joel Embiid,University of Kansas
2014,Aaron Gordon,University of Arizona
2014,Marcus Smart,Oklahoma State University
2014,Julius Randle,University of Kentucky
2014,Nik Stauskas,University of Michigan
2014,Noah Vonleh,Indiana University
2014,Elfrid Payton,University of Louisiana at Lafayette
2014,Doug McDermott,Creighton University
2014,Zach LaVine,"University of California, Los Angeles"
2014,T.J. Warren,North Carolina State University
2014,Tyler Ennis,Syracuse University
2014,Gary Harris,Michigan State University
2014,Rodney Hood,Duke University
2014,Shabazz Napier,University of Connecticut
2014,P.J. Hairston,University of North Carolina
2014,Kyle Anderson,"University of California, Los Angeles"
2014,K.J. McDaniels,Clemson University
2014,Joe Harris,University of Virginia
2014,Johnny O'Bryant III,Louisiana State University
2014,Spencer Dinwiddie,University of Colorado
2014,Jerami Grant,Syracuse University
2014,Glenn Robinson III,University of Michigan
2014,Markel Brown,Oklahoma State University
2014,Dwight Powell,Stanford University
2014,Jordan Clarkson,University of Missouri
2013,Anthony Bennett,"University of Nevada, Las Vegas"
2013,Victor Oladipo,Indiana University
2013,Otto Porter,Georgetown University
2013,Cody Zeller,Indiana University
2013,Alex Len,University of Maryland
2013,Nerlens Noel,University of Kentucky
2013,Ben McLemore,University of Kansas
2013,Kentavious Caldwell-Pope,University of Georgia
2013,Trey Burke,University of Michigan
2013,CJ McCollum,Lehigh University
2013,Michael Carter-Williams,Syracuse University
2013,Steven Adams,University of Pittsburgh
2013,Kelly Olynyk,Gonzaga University
2013,Shabazz Muhammad,"University of California, Los Angeles"
2013,Shane Larkin,University of Miami
2013,Tony Snell,University of New Mexico
2013,Gorgui Dieng,University of Louisville
2013,Mason Plumlee,Duke University
2013,Solomon Hill,University of Arizona
2013,Tim Hardaway,University of Michigan
2013,Reggie Bullock,University of North Carolina
2013,Andre Roberson,University of Colorado
2013,Archie Goodwin,University of Kentucky
2013,Allen Crabbe,University of California
2013,Isaiah Canaan,Murray State University
2013,Ray McCallum,University of Detroit Mercy
2013,Nate Wolters,South Dakota State University
2013,Jeff Withey,University of Kansas
2013,Mike Muscala,Bucknell University
2013,Ryan Kelly,Duke University
2013,James Ennis,"California State University, Long Beach"
2012,Anthony Davis,University of Kentucky
2012,Michael Kidd-Gilchrist,University of Kentucky
2012,Bradley Beal,University of Florida
2012,Dion Waiters,Syracuse University
2012,Thomas Robinson,University of Kansas
2012,Damian Lillard,Weber State University
2012,Harrison Barnes,University of North Carolina
2012,Terrence Ross,University of Washington
2012,Andre Drummond,University of Connecticut
2012,Austin Rivers,Duke University
2012,Meyers Leonard,University of Illinois at Urbana-Champaign
2012,Jeremy Lamb,University of Connecticut
2012,Kendall Marshall,University of North Carolina
2012,John Henson,University of North Carolina
2012,Maurice Harkless,St. John's University
2012,Tyler Zeller,University of North Carolina
2012,Terrence Jones,University of Kentucky
2012,Andrew Nicholson,St. Bonaventure University
2012,Jared Sullinger,Ohio State University
2012,John Jenkins,Vanderbilt University
2012,Tony Wroten,University of Washington
2012,Miles Plumlee,Duke University
2012,Perry Jones,Baylor University
2012,Festus Ezeli,Vanderbilt University
2012,Jeff Taylor,Vanderbilt University
2012,Jae Crowder,Marquette University
2012,Draymond Green,Michigan State University
2012,Quincy Acy,Baylor University
2012,Khris Middleton,Texas A&M University
2012,Will Barton,University of Memphis
2012,Mike Scott,University of Virginia
2012,Justin Hamilton,Louisiana State University
2012,Darius Miller,University of Kentucky
2012,Kyle O'Quinn,Norfolk State University
2012,Robert Sacre,Gonzaga University
2011,Kyrie Irving,Duke University
2011,Derrick Williams,University of Arizona
2011,Tristan Thompson,University of Texas at Austin
2011,Brandon Knight,University of Kentucky
2011,Kemba Walker,University of Connecticut
2011,Jimmer Fredette,Brigham Young University
2011,Klay Thompson,Washington State University
2011,Alec Burks,University of Colorado
2011,Markieff Morris,University of Kansas
2011,Marcus Morris,University of Kansas
2011,Kawhi Leonard,San Diego State University
2011,Nikola Vucevic,University of Southern California
2011,Iman Shumpert,Georgia Institute of Technology
2011,Chris Singleton,Florida State University
2011,Tobias Harris,University of Tennessee
2011,Kenneth Faried,Morehead State University
2011,Reggie Jackson,Boston College
2011,MarShon Brooks,Providence College
2011,Jordan Hamilton,University of Texas at Austin
2011,Norris Cole,Cleveland State University
2011,Cory Joseph,University of Texas at Austin
2011,Jimmy Butler,Marquette University
2011,Kyle Singler,Duke University
2011,Shelvin Mack,Butler University
2011,Chandler Parsons,University of Florida
2011,Jon Leuer,University of Wisconsin
2011,Lavoy Allen,Temple University
2011,DeAndre Liggins,University of Kentucky
2011,E'Twaun Moore,Purdue University
2011,Isaiah Thomas,University of Washington
2010,John Wall,University of Kentucky
2010,Evan Turner,Ohio State University
2010,Derrick Favors,Georgia Institute of Technology
2010,Wesley Johnson,Syracuse University
2010,DeMarcus Cousins,University of Kentucky
2010,Ekpe Udoh,Baylor University
2010,Greg Monroe,Georgetown University
2010,Al-Farouq Aminu,Wake Forest University
2010,Gordon Hayward,Butler University
2010,Paul George,"California State University, Fresno"
2010,Cole Aldrich,University of Kansas
2010,Xavier Henry,University of Kansas
2010,Ed Davis,University of North Carolina
2010,Patrick Patterson,University of Kentucky
2010,Larry Sanders,Virginia Commonwealth University
2010,Luke Babbitt,"University of Nevada, Reno"
2010,Eric Bledsoe,University of Kentucky
2010,Avery Bradley,University of Texas at Austin
2010,James Anderson,Oklahoma State University
2010,Trevor Booker,Clemson University
2010,Quincy Pondexter,University of Washington
2010,Jordan Crawford,Xavier University
2010,Greivis Vasquez,University of Maryland
2010,Hassan Whiteside,Marshall University
2010,Landry Fields,Stanford University
2010,Lance Stephenson,University of Cincinnati
2010,Jeremy Evans,Western Kentucky University
2009,Blake Griffin,University of Oklahoma
2009,Hasheem Thabeet,University of Connecticut
2009,James Harden,Arizona State University
2009,Tyreke Evans,University of Memphis
2009,Jonny Flynn,Syracuse University
2009,Stephen Curry,Davidson College
2009,Jordan Hill,University of Arizona
2009,DeMar DeRozan,University of Southern California
2009,Terrence Williams,University of Louisville
2009,Gerald Henderson,Duke University
2009,Tyler Hansbrough,University of North Carolina
2009,Earl Clark,University of Louisville
2009,Austin Daye,Gonzaga University
2009,James Johnson,Wake Forest University
2009,Jrue Holiday,"University of California, Los Angeles"
2009,Ty Lawson,University of North Carolina
2009,Jeff Teague,Wake Forest University
2009,Eric Maynor,Virginia Commonwealth University
2009,Darren Collison,"University of California, Los Angeles"
2009,Byron Mullens,Ohio State University
2009,Taj Gibson,University of Southern California
2009,DeMarre Carroll,University of Missouri
2009,Wayne Ellington,University of North Carolina
2009,Toney Douglas,Florida State University
2009,Jeff Pendergraph,Arizona State University
2009,Dante Cunningham,Villanova University
2009,Sam Young,University of Pittsburgh
2009,DeJuan Blair,University of Pittsburgh
2009,Jon Brockman,University of Washington
2009,Derrick Brown,Xavier University
2009,Jodie Meeks,University of Kentucky
2009,Patrick Beverley,University of Arkansas
2009,Marcus Thornton,Louisiana State University
2009,Chase Budinger,University of Arizona
2009,Nick Calathes,University of Florida
2009,Danny Green,University of North Carolina
2009,A.J. Price,University of Connecticut
2009,Patrick Mills,Saint Mary's College of California
2008,Derrick Rose,University of Memphis
2008,Michael Beasley,Kansas State University
2008,O.J. Mayo,University of Southern California
2008,Russell Westbrook,"University of California, Los Angeles"
2008,Kevin Love,"University of California, Los Angeles"
2008,Eric Gordon,Indiana University
2008,D.J. Augustin,University of Texas at Austin
2008,Brook Lopez,Stanford University
2008,Jerryd Bayless,University of Arizona
2008,Jason Thompson,Rider University
2008,Brandon Rush,University of Kansas
2008,Anthony Randolph,Louisiana State University
2008,Robin Lopez,Stanford University
2008,Marreese Speights,University of Florida
2008,Roy Hibbert,Georgetown University
2008,JaVale McGee,"University of Nevada, Reno"
2008,J.J. Hickson,North Carolina State University
2008,Ryan Anderson,University of California
2008,Courtney Lee,Western Kentucky University
2008,Kosta Koufos,Ohio State University
2008,George Hill,Indiana University-Purdue University Indianapolis
2008,Darrell Arthur,University of Kansas
2008,Donte Greene,Syracuse University
2008,D.J. White,Indiana University
2008,Mario Chalmers,University of Kansas
2008,DeAndre Jordan,Texas A&M University
2008,Luc Mbah a Moute,"University of California, Los Angeles"
2008,Sonny Weems,University of Arkansas
2008,Chris Douglas-Roberts,University of Memphis
2008,Bill Walker,Kansas State University
2007,Greg Oden,Ohio State University
2007,Kevin Durant,University of Texas at Austin
2007,Al Horford,University of Florida
2007,Mike Conley,Ohio State University
2007,Jeff Green,Georgetown University
2007,Corey Brewer,University of Florida
2007,Brandan Wright,University of North Carolina
2007,Joakim Noah,University of Florida
2007,Spencer Hawes,University of Washington
2007,Acie Law,Texas A&M University
2007,Thaddeus Young,Georgia Institute of Technology
2007,Julian Wright,University of Kansas
2007,Al Thornton,Florida State University
2007,Rodney Stuckey,Eastern Washington University
2007,Nick Young,University of Southern California
2007,Sean Williams,Boston College
2007,Javaris Crittenton,Georgia Institute of Technology
2007,Jason Smith,Colorado State University
2007,Daequan Cook,Ohio State University
2007,Jared Dudley,Boston College
2007,Wilson Chandler,DePaul University
2007,Aaron Brooks,University of Oregon
2007,Arron Afflalo,"University of California, Los Angeles"
2007,Carl Landry,Purdue University
2007,Glen Davis,Louisiana State University
2007,Josh McRoberts,Duke University
2007,Dominic McGuire,"California State University, Fresno"
2007,Aaron Gray,University of Pittsburgh
2007,Ramon Sessions,"University of Nevada, Reno"
2006,LaMarcus Aldridge,University of Texas at Austin
2006,Adam Morrison,Gonzaga University
2006,Tyrus Thomas,Louisiana State University
2006,Shelden Williams,Duke University
2006,Brandon Roy,University of Washington
2006,Randy Foye,Villanova University
2006,Rudy Gay,University of Connecticut
2006,J.J. Redick,Duke University
2006,Hilton Armstrong,University of Connecticut
2006,Ronnie Brewer,University of Arkansas
2006,Rodney Carney,University of Memphis
2006,Shawne Williams,University of Memphis
2006,Quincy Douby,Rutgers University
2006,Renaldo Balkman,University of South Carolina
2006,Rajon Rondo,University of Kentucky
2006,Marcus Williams,University of Connecticut
2006,Josh Boone,University of Connecticut
2006,Kyle Lowry,Villanova University
2006,Shannon Brown,Michigan State University
2006,Jordan Farmar,"University of California, Los Angeles"
2006,Mardy Collins,Temple University
2006,Steve Novak,Marquette University
2006,Solomon Jones,University of South Florida
2006,P.J. Tucker,University of Texas at Austin
2006,Craig Smith,Boston College
2006,Daniel Gibson,University of Texas at Austin
2006,Paul Millsap,Louisiana Tech University
2006,Leon Powe,University of California
2006,Ryan Hollins,"University of California, Los Angeles"
2005,Andrew Bogut,University of Utah
2005,Marvin Williams,University of North Carolina
2005,Deron Williams,University of Illinois at Urbana-Champaign
2005,Chris Paul,Wake Forest University
2005,Raymond Felton,University of North Carolina
2005,Charlie Villanueva,University of Connecticut
2005,Channing Frye,University of Arizona
2005,Ike Diogu,Arizona State University
2005,Sean May,University of North Carolina
2005,Rashad McCants,University of North Carolina
2005,Antoine Wright,Texas A&M University
2005,Joey Graham,Oklahoma State University
2005,Danny Granger,University of New Mexico
2005,Hakim Warrick,Syracuse University
2005,Nate Robinson,University of Washington
2005,Jarrett Jack,Georgia Institute of Technology
2005,Francisco Garcia,University of Louisville
2005,Luther Head,University of Illinois at Urbana-Champaign
2005,Jason Maxiell,University of Cincinnati
2005,Linas Kleiza,University of Missouri
2005,David Lee,University of Florida
2005,Salim Stoudamire,University of Arizona
2005,Daniel Ewing,Duke University
2005,Brandon Bass,Louisiana State University
2005,Ronny Turiaf,Gonzaga University
2005,Travis Diener,Marquette University
2005,Von Wafer,Florida State University
2005,Ryan Gomes,Providence College
2005,Orien Greene,University of Louisiana at Lafayette
2004,Emeka Okafor,University of Connecticut
2004,Ben Gordon,University of Connecticut
2004,Devin Harris,University of Wisconsin
2004,Josh Childress,Stanford University
2004,Luol Deng,Duke University
2004,Rafael Araujo,Brigham Young University
2004,Andre Iguodala,University of Arizona
2004,Kris Humphries,University of Minnesota
2004,Kirk Snyder,"University of Nevada, Reno"
2004,Jameer Nelson,Saint Joseph's University
2004,Delonte West,Saint Joseph's University
2004,Tony Allen,Oklahoma State University
2004,Kevin Martin,Western Carolina University
2004,David Harrison,University of Colorado
2004,Royal Ivey,University of Texas at Austin
2004,Chris Duhon,Duke University
2004,Trevor Ariza,"University of California, Los Angeles"
2004,Bernard Robinson,University of Michigan
2003,Carmelo Anthony,Syracuse University
2003,Chris Bosh,Georgia Institute of Technology
2003,Dwyane Wade,Marquette University
2003,Chris Kaman,Central Michigan University
2003,Kirk Hinrich,University of Kansas
2003,T.J. Ford,University of Texas at Austin
2003,Mike Sweetney,Georgetown University
2003,Jarvis Hayes,University of Georgia
2003,Nick Collison,University of Kansas
2003,Marcus Banks,"University of Nevada, Las Vegas"
2003,Luke Ridnour,University of Oregon
2003,David West,Xavier University
2003,Dahntay Jones,Duke University
2003,Brian Cook,University of Illinois at Urbana-Champaign
2003,Josh Howard,Wake Forest University
2003,Jason Kapono,"University of California, Los Angeles"
2003,Luke Walton,University of Arizona
2003,Steve Blake,University of Maryland
2003,Willie Green,University of Detroit Mercy
2003,Keith Bogans,University of Kentucky
2003,Matt Bonner,University of Florida
2003,Mo Williams,University of Alabama
2003,James Jones,University of Miami
2003,Kyle Korver,Creighton University
2002,Jay Williams,Duke University
2002,Mike Dunleavy,Duke University
2002,Drew Gooden,University of Kansas
2002,Dajuan Wagner,University of Memphis
2002,Chris Wilcox,University of Maryland
2002,Caron Butler,University of Connecticut
2002,Jared Jeffries,Indiana University
2002,Melvin Ely,"California State University, Fresno"
2002,Fred Jones,University of Oregon
2002,Juan Dixon,University of Maryland
2002,Kareem Rush,University of Missouri
2002,Qyntel Woods,Northeast Mississippi Community College
2002,Casey Jacobsen,Stanford University
2002,Tayshaun Prince,University of Kentucky
2002,John Salmons,University of Miami
2002,Dan Dickau,Gonzaga University
2002,Roger Mason,University of Virginia
2002,Dan Gadzuric,"University of California, Los Angeles"
2002,Carlos Boozer,Duke University
2002,Ronald Murray,Shaw University
2002,Lonny Baxter,University of Maryland
2002,Matt Barnes,"University of California, Los Angeles"
2002,Darius Songaila,Wake Forest University
2002,Rasual Butler,La Salle University
2001,Jason Richardson,Michigan State University
2001,Shane Battier,Duke University
2001,Eddie Griffin,Seton Hall University
2001,Rodney White,University of North Carolina at Charlotte
2001,Joe Johnson,University of Arkansas
2001,Kedrick Brown,Okaloosa-Walton Community College
2001,Richard Jefferson,University of Arizona
2001,Troy Murphy,University of Notre Dame
2001,Steven Hunter,DePaul University
2001,Michael Bradley,Villanova University
2001,Jason Collins,Stanford University
2001,Zach Randolph,Michigan State University
2001,Brendan Haywood,University of North Carolina
2001,Gerald Wallace,University of Alabama
2001,Samuel Dalembert,Seton Hall University
2001,Jamaal Tinsley,Iowa State University
2001,Trenton Hassell,Austin Peay State University
2001,Gilbert Arenas,University of Arizona
2001,Will Solomon,Clemson University
2001,Terence Morris,University of Maryland
2001,Brian Scalabrine,University of Southern California
2001,Earl Watson,"University of California, Los Angeles"
2001,Bobby Simmons,DePaul University
2001,Loren Woods,University of Arizona
2001,Jarron Collins,Stanford University
2000,Kenyon Martin,University of Cincinnati
2000,Stromile Swift,Louisiana State University
2000,Marcus Fizer,Iowa State University
2000,Mike Miller,University of Florida
2000,DerMarr Johnson,University of Cincinnati
2000,Chris Mihm,University of Texas at Austin
2000,Jamal Crawford,University of Michigan
2000,Joel Przybilla,University of Minnesota
2000,Keyon Dooling,University of Missouri
2000,Etan Thomas,Syracuse University
2000,Courtney Alexander,"California State University, Fresno"
2000,Mateen Cleaves,Michigan State University
2000,Jason Collier,Georgia Institute of Technology
2000,Desmond Mason,Oklahoma State University
2000,Quentin Richardson,DePaul University
2000,Jamaal Magloire,University of Kentucky
2000,Speedy Claxton,Hofstra University
2000,Morris Peterson,Michigan State University
2000,Donnell Harvey,University of Florida
2000,Mark Madsen,Stanford University
2000,Jake Voskuhl,University of Connecticut
2000,Eddie House,Arizona State University
2000,Eduardo Najera,University of Oklahoma
2000,Hanno Mottola,University of Utah
2000,Michael Redd,Ohio State University
2000,Brian Cardinal,Purdue University
2000,Jason Hart,Syracuse University
1999,Elton Brand,Duke University
1999,Steve Francis,University of Maryland
1999,Baron Davis,"University of California, Los Angeles"
1999,Lamar Odom,University of Rhode Island
1999,Wally Szczerbiak,Miami University
1999,Richard Hamilton,University of Connecticut
1999,Andre Miller,University of Utah
1999,Shawn Marion,"University of Nevada, Las Vegas"
1999,Jason Terry,University of Arizona
1999,Trajan Langdon,Duke University
1999,Corey Maggette,Duke University
1999,Metta World Peace,St. John's University
1999,James Posey,Xavier University
1999,Quincy Lewis,University of Minnesota
1999,Dion Glover,Georgia Institute of Technology
1999,Jeff Foster,Texas State University
1999,Kenny Thomas,University of New Mexico
1999,Devean George,Augsburg College
1999,Vonteego Cummings,University of Pittsburgh
1999,Jumaine Jones,University of Georgia
1999,Scott Padgett,University of Kentucky
1999,Michael Ruffin,University of Tulsa
1999,Evan Eschmeyer,Northwestern University
1999,Calvin Booth,Pennsylvania State University
1999,Obinna Ekezie,University of Maryland
1999,Laron Profit,University of Maryland
1999,Francisco Elson,University of California
1999,Lee Nailon,Texas Christian University
1999,Todd MacCulloch,University of Washington
1999,Rodney Buford,Creighton University
1998,Michael Olowokandi,University of the Pacific
1998,Mike Bibby,University of Arizona
1998,Raef LaFrentz,University of Kansas
1998,Antawn Jamison,University of North Carolina
1998,Vince Carter,University of North Carolina
1998,Robert Traylor,University of Michigan
1998,Jason Williams,University of Florida
1998,Larry Hughes,Saint Louis University
1998,Paul Pierce,University of Kansas
1998,Bonzi Wells,Ball State University
1998,Michael Doleac,University of Utah
1998,Keon Clark,"University of Nevada, Las Vegas"
1998,Michael Dickerson,University of Arizona
1998,Matt Harpring,Georgia Institute of Technology
1998,Bryce Drew,Valparaiso University
1998,Pat Garrity,University of Notre Dame
1998,Roshown McLeod,Duke University
1998,Ricky Davis,University of Iowa
1998,Brian Skinner,Baylor University
1998,Tyronn Lue,University of Nebraska
1998,Felipe Lopez,St. John's University
1998,Corey Benjamin,Oregon State University
1998,Nazr Mohammed,University of Kentucky
1998,Ruben Patterson,University of Cincinnati
1998,Jelani McCoy,"University of California, Los Angeles"
1998,Shammond Williams,University of North Carolina
1998,Jerome James,Florida Agricultural and Mechanical University
1998,Rafer Alston,"California State University, Fresno"
1998,Cuttino Mobley,University of Rhode Island
1998,Jahidi White,Georgetown University
1998,Sean Marks,University of California
1998,Greg Buckner,Clemson University
1998,Ryan Bowen,University of Iowa
1997,Tim Duncan,Wake Forest University
1997,Keith Van Horn,University of Utah
1997,Chauncey Billups,University of Colorado
1997,Antonio Daniels,Bowling Green State University
1997,Tony Battie,Texas Tech University
1997,Ron Mercer,University of Kentucky
1997,Tim Thomas,Villanova University
1997,Adonal Foyle,Colgate University
1997,Danny Fortson,University of Cincinnati
1997,Tariq Abdul-Wahad,San Jose State University
1997,Austin Croshere,Providence College
1997,Derek Anderson,University of Kentucky
1997,Maurice Taylor,University of Michigan
1997,Kelvin Cato,Iowa State University
1997,Brevin Knight,Stanford University
1997,Scot Pollard,University of Kansas
1997,Anthony Parker,Bradley University
1997,Bobby Jackson,University of Minnesota
1997,John Thomas,University of Minnesota
1997,Charles Smith,University of New Mexico
1997,Jacque Vaughn,University of Kansas
1997,Marc Jackson,Temple University
1997,Anthony Johnson,College of Charleston
1997,Stephen Jackson,Butler County Community College
1997,Cedric Henderson,University of Memphis
1997,Eric Washington,University of Alabama
1997,Alvin Williams,Villanova University
1997,Chris Crawford,Marquette University
1997,Mark Blount,University of Pittsburgh
1996,Allen Iverson,Georgetown University
1996,Marcus Camby,University of Massachusetts Amherst
1996,Shareef Abdur-Rahim,University of California
1996,Stephon Marbury,Georgia Institute of Technology
1996,Ray Allen,University of Connecticut
1996,Antoine Walker,University of Kentucky
1996,Lorenzen Wright,University of Memphis
1996,Kerry Kittles,Villanova University
1996,Samaki Walker,University of Louisville
1996,Erick Dampier,Mississippi State University
1996,Todd Fuller,North Carolina State University
1996,Vitaly Potapenko,Wright State University
1996,Steve Nash,Santa Clara University
1996,Tony Delk,University of Kentucky
1996,John Wallace,Syracuse University
1996,Walter McCarty,University of Kentucky
1996,Roy Rogers,University of Alabama
1996,Derek Fisher,University of Arkansas at Little Rock
1996,Jerome Williams,Georgetown University
1996,Travis Knight,University of Connecticut
1996,Othella Harrington,Georgetown University
1996,Mark Hendrickson,Washington State University
1996,Moochie Norris,University of West Florida
1996,Jeff McInnis,University of North Carolina
1996,Randy Livingston,Louisiana State University
1996,Malik Rose,Drexel University
1996,Jamie Feick,Michigan State University
1996,Mark Pope,University of Kentucky
1996,Shandon Anderson,University of Georgia
1995,Joe Smith,University of Maryland
1995,Antonio McDyess,University of Alabama
1995,Jerry Stackhouse,University of North Carolina
1995,Rasheed Wallace,University of North Carolina
1995,Bryant Reeves,Oklahoma State University
1995,Damon Stoudamire,University of Arizona
1995,Shawn Respert,Michigan State University
1995,Ed O'Bannon,"University of California, Los Angeles"
1995,Kurt Thomas,Texas Christian University
1995,Gary Trent,Ohio University
1995,Cherokee Parks,Duke University
1995,Corliss Williamson,University of Arkansas
1995,Eric Williams,Providence College
1995,Brent Barry,Oregon State University
1995,Alan Henderson,Indiana University
1995,Bob Sura,Florida State University
1995,Theo Ratliff,University of Wyoming
1995,Jason Caffey,University of Alabama
1995,Michael Finley,University of Wisconsin
1995,Travis Best,Georgia Institute of Technology
1995,Loren Meyer,Iowa State University
1995,Greg Ostertag,University of Kansas
1995,Cory Alexander,University of Virginia
1995,Andrew DeClercq,University of Florida
1995,Lawrence Moten,Syracuse University
1995,Eric Snow,Michigan State University
1995,Tyus Edney,"University of California, Los Angeles"
1995,Mark Davis,Texas Tech University
1995,Fred Hoiberg,Iowa State University
1995,Chris Carr,Southern Illinois University
1995,Don Reid,Georgetown University
1994,Glenn Robinson,Purdue University
1994,Jason Kidd,University of California
1994,Grant Hill,Duke University
1994,Donyell Marshall,University of Connecticut
1994,Juwan Howard,University of Michigan
1994,Sharone Wright,Clemson University
1994,Lamond Murray,University of California
1994,Brian Grant,Xavier University
1994,Eric Montross,University of North Carolina
1994,Eddie Jones,Temple University
1994,Carlos Rogers,Tennessee State University
1994,Khalid Reeves,University of Arizona
1994,Jalen Rose,University of Michigan
1994,Eric Piatkowski,University of Nebraska
1994,Clifford Rozier,University of Louisville
1994,Aaron McKie,Temple University
1994,Eric Mobley,University of Pittsburgh
1994,Tony Dumas,University of Missouri-Kansas City
1994,Dickey Simpkins,Providence College
1994,Bill Curley,Boston College
1994,Wesley Person,Auburn University
1994,Monty Williams,University of Notre Dame
1994,Greg Minor,University of Louisville
1994,Charlie Ward,Florida State University
1994,Brooks Thompson,Oklahoma State University
1994,Howard Eisley,Boston College
1994,Jim McIlvaine,Marquette University
1994,Derrick Alston,Duquesne University
1994,Michael Smith,Providence College
1994,Anthony Miller,Michigan State University
1994,Voshon Lenard,University of Minnesota
1994,Lawrence Funderburke,Ohio State University
1994,Anthony Goldwire,University of Houston
1993,Chris Webber,University of Michigan
1993,Shawn Bradley,Brigham Young University
1993,Anfernee Hardaway,University of Memphis
1993,Jamal Mashburn,University of Kentucky
1993,Isaiah Rider,"University of Nevada, Las Vegas"
1993,Calbert Cheaney,Indiana University
1993,Bobby Hurley,Duke University
1993,Vin Baker,University of Hartford
1993,Rodney Rogers,Wake Forest University
1993,Lindsey Hunter,Jackson State University
1993,Allan Houston,University of Tennessee
1993,George Lynch,University of North Carolina
1993,Terry Dehere,Seton Hall University
1993,Rex Walters,University of Kansas
1993,Greg Graham,Indiana University
1993,Acie Earl,University of Iowa
1993,Scott Burrell,University of Connecticut
1993,James Robinson,University of Alabama
1993,Chris Mills,University of Arizona
1993,Ervin Johnson,University of New Orleans
1993,Sam Cassell,Florida State University
1993,Corie Blount,University of Cincinnati
1993,Lucious Harris,"California State University, Long Beach"
1993,Eric Riley,University of Michigan
1993,Nick Van Exel,University of Cincinnati
1993,Bryon Russell,"California State University, Long Beach"
1993,Chris Whitney,Clemson University
1992,Shaquille O'Neal,Louisiana State University
1992,Alonzo Mourning,Georgetown University
1992,Christian Laettner,Duke University
1992,Jim Jackson,Ohio State University
1992,LaPhonso Ellis,University of Notre Dame
1992,Tom Gugliotta,North Carolina State University
1992,Walt Williams,University of Maryland
1992,Todd Day,University of Arkansas
1992,Clarence Weatherspoon,University of Southern Mississippi
1992,Adam Keefe,Stanford University
1992,Robert Horry,University of Alabama
1992,Harold Miner,University of Southern California
1992,Bryant Stith,University of Virginia
1992,Malik Sealy,St. John's University
1992,Anthony Peeler,University of Missouri
1992,Doug Christie,Pepperdine University
1992,Tracy Murray,"University of California, Los Angeles"
1992,Don MacLean,"University of California, Los Angeles"
1992,Hubert Davis,University of North Carolina
1992,Jon Barry,Georgia Institute of Technology
1992,Oliver Miller,University of Arkansas
1992,Lee Mayberry,University of Arkansas
1992,Latrell Sprewell,University of Alabama
1992,Elmore Spencer,"University of Nevada, Las Vegas"
1992,Byron Houston,Oklahoma State University
1992,P.J. Brown,Louisiana Tech University
1992,Sean Rooks,University of Arizona
1992,Brent Price,University of Oklahoma
1992,Chris Smith,University of Connecticut
1992,Tony Bennett,University of Wisconsin-Green Bay
1992,Popeye Jones,Murray State University
1992,Matt Geiger,Georgia Institute of Technology
1992,Chris King,Wake Forest University
1991,Larry Johnson,"University of Nevada, Las Vegas"
1991,Kenny Anderson,Georgia Institute of Technology
1991,Billy Owens,Syracuse University
1991,Dikembe Mutombo,Georgetown University
1991,Steve Smith,Michigan State University
1991,Doug Smith,University of Missouri
1991,Luc Longley,University of New Mexico
1991,Mark Macon,Temple University
1991,Stacey Augmon,"University of Nevada, Las Vegas"
1991,Bison Dele,University of Arizona
1991,Terrell Brandon,University of Oregon
1991,Greg Anthony,"University of Nevada, Las Vegas"
1991,Dale Davis,Clemson University
1991,Anthony Avent,Seton Hall University
1991,Chris Gatling,Old Dominion University
1991,Victor Alexander,Iowa State University
1991,LaBradford Smith,University of Louisville
1991,Eric Murdock,Providence College
1991,Stanley Roberts,Louisiana State University
1991,Rick Fox,University of North Carolina
1991,Pete Chilcutt,University of North Carolina
1991,Randy Brown,New Mexico State University
1991,Donald Hodge,Temple University
1991,Mike Iuzzolino,Saint Francis University
1991,Elliot Perry,University of Memphis
1991,Doug Overton,La Salle University
1991,Bobby Phills,Southern University and A&M College
1991,Richard Dumas,Oklahoma State University
1991,Isaac Austin,Arizona State University
1991,Greg Sutton,Oral Roberts University
1990,Derrick Coleman,Syracuse University
1990,Gary Payton,Oregon State University
1990,Mahmoud Abdul-Rauf,Louisiana State University
1990,Dennis Scott,Georgia Institute of Technology
1990,Kendall Gill,University of Illinois at Urbana-Champaign
1990,Felton Spencer,University of Louisville
1990,Lionel Simmons,La Salle University
1990,Willie Burton,University of Minnesota
1990,Rumeal Robinson,University of Michigan
1990,Tyrone Hill,Xavier University
1990,Alec Kessler,University of Georgia
1990,Loy Vaught,University of Michigan
1990,Travis Mays,University of Texas at Austin
1990,Terry Mills,University of Michigan
1990,Jerrod Mustaf,University of Maryland
1990,Duane Causwell,Temple University
1990,Dee Brown,Jacksonville University
1990,Gerald Glass,University of Mississippi
1990,Jayson Williams,St. John's University
1990,Tate George,University of Connecticut
1990,Anthony Bonner,Saint Louis University
1990,Dwayne Schintzius,University of Florida
1990,Alaa Abdelnaby,Duke University
1990,Elden Campbell,Clemson University
1990,Carl Herrera,University of Houston
1990,Negele Knight,University of Dayton
1990,Greg Foster,University of Texas at El Paso
1990,Trevor Wilson,"University of California, Los Angeles"
1990,A.J. English,Virginia Union University
1990,Jud Buechler,University of Arizona
1990,Bimbo Coles,Virginia Polytechnic Institute and State University
1990,Marcus Liberty,University of Illinois at Urbana-Champaign
1990,Tony Massenburg,University of Maryland
1990,Steve Henson,Kansas State University
1990,Antonio Davis,University of Texas at El Paso
1990,Kenny Williams,Elizabeth City State University
1990,Derek Strong,Xavier University
1990,Cedric Ceballos,"California State University, Fullerton"
1990,Tony Smith,Marquette University
1990,Sean Higgins,University of Michigan
1989,Pervis Ellison,University of Louisville
1989,Danny Ferry,Duke University
1989,Sean Elliott,University of Arizona
1989,Glen Rice,University of Michigan
1989,J.R. Reid,University of North Carolina
1989,Stacey King,University of Oklahoma
1989,George McCloud,Florida State University
1989,Randy White,Louisiana Tech University
1989,Tom Hammonds,Georgia Institute of Technology
1989,Pooh Richardson,"University of California, Los Angeles"
1989,Nick Anderson,University of Illinois at Urbana-Champaign
1989,Mookie Blaylock,University of Oklahoma
1989,Tim Hardaway,University of Texas at El Paso
1989,Todd Lichti,Stanford University
1989,Dana Barros,Boston College
1989,Shawn Kemp,Trinity Valley Community College
1989,B.J. Armstrong,University of Iowa
1989,Blue Edwards,East Carolina University
1989,John Morton,Seton Hall University
1989,Kenny Battle,University of Illinois at Urbana-Champaign
1989,Sherman Douglas,Syracuse University
1989,Jeff Martin,Murray State University
1989,Clifford Robinson,University of Connecticut
1989,Michael Ansley,University of Alabama
1989,Doug West,Villanova University
1989,Chucky Brown,North Carolina State University
1989,Haywoode Workman,Oral Roberts University
1989,Brian Quinnett,Washington State University
1989,Greg Grant,Trenton State University
1988,Danny Manning,University of Kansas
1988,Rik Smits,Marist College
1988,Charles Smith,University of Pittsburgh
1988,Chris Morris,Auburn University
1988,Mitch Richmond,Kansas State University
1988,Hersey Hawkins,Bradley University
1988,Tim Perry,Temple University
1988,Rex Chapman,University of Kentucky
1988,Rony Seikaly,Syracuse University
1988,Willie Anderson,University of Georgia
1988,Will Perdue,Vanderbilt University
1988,Harvey Grant,University of Oklahoma
1988,Jeff Grayer,Iowa State University
1988,Dan Majerle,Central Michigan University
1988,Gary Grant,University of Michigan
1988,Derrick Chievous,University of Missouri
1988,Eric Leckner,University of Wyoming
1988,Rod Strickland,DePaul University
1988,Kevin Edwards,DePaul University
1988,Mark Bryant,Seton Hall University
1988,Randolph Keys,University of Southern Mississippi
1988,Jerome Lane,University of Pittsburgh
1988,Brian Shaw,"University of California, Santa Barbara"
1988,Andrew Lang,University of Arkansas
1988,Vinny Del Negro,North Carolina State University
1988,Charles Shackleford,North Carolina State University
1988,Grant Long,Eastern Michigan University
1988,Tom Tolbert,University of Arizona
1988,Ledell Eackles,University of New Orleans
1988,Dean Garrett,Indiana University
1988,Tom Garrick,University of Rhode Island
1988,Morlon Wiley,"California State University, Long Beach"
1988,Vernon Maxwell,University of Florida
1988,Micheal Williams,Baylor University
1988,Steve Kerr,University of Arizona
1988,Anthony Mason,Tennessee State University
1988,Winston Bennett,University of Kentucky
1988,Gerald Paddio,"University of Nevada, Las Vegas"
1987,David Robinson,United States Naval Academy
1987,Armen Gilliam,"University of Nevada, Las Vegas"
1987,Dennis Hopson,Ohio State University
1987,Reggie Williams,Georgetown University
1987,Scottie Pippen,University of Central Arkansas
1987,Kenny Smith,University of North Carolina
1987,Kevin Johnson,University of California
1987,Olden Polynice,University of Virginia
1987,Derrick McKey,University of Alabama
1987,Horace Grant,Clemson University
1987,Reggie Miller,"University of California, Los Angeles"
1987,Muggsy Bogues,Wake Forest University
1987,Joe Wolf,University of North Carolina
1987,Tellis Frank,Western Kentucky University
1987,Mark Jackson,St. John's University
1987,Ken Norman,University of Illinois at Urbana-Champaign
1987,Dallas Comegys,DePaul University
1987,Reggie Lewis,Northeastern University
1987,Greg Anderson,University of Houston
1987,Steve Alford,Indiana University
1987,Bob McCann,Morehead State University
1987,Vincent Askew,University of Memphis
1987,Winston Garland,Missouri State University
1987,Brad Lohaus,University of Iowa
1987,Donald Royal,University of Notre Dame
1987,Kevin Gamble,University of Iowa
1987,Chris Dudley,Yale University
1987,Jack Haley,"University of California, Los Angeles"
1986,Brad Daugherty,University of North Carolina
1986,Chuck Person,Auburn University
1986,Kenny Walker,University of Kentucky
1986,William Bedford,University of Memphis
1986,Roy Tarpley,University of Michigan
1986,Ron Harper,Miami University
1986,Brad Sellers,Ohio State University
1986,Johnny Dawkins,Duke University
1986,John Salley,Georgia Institute of Technology
1986,John Williams,Louisiana State University
1986,Pearl Washington,Syracuse University
1986,Walter Berry,St. John's University
1986,Dell Curry,Virginia Polytechnic Institute and State University
1986,Harold Pressley,Villanova University
1986,Mark Alarie,Duke University
1986,Billy Thompson,University of Louisville
1986,Buck Johnson,University of Alabama
1986,Anthony Jones,"University of Nevada, Las Vegas"
1986,Scott Skiles,Michigan State University
1986,Mark Price,Georgia Institute of Technology
1986,Greg Dreiling,University of Kansas
1986,Dennis Rodman,Southeastern Oklahoma State University
1986,Larry Krystkowiak,University of Montana
1986,Johnny Newman,University of Richmond
1986,Nate McMillan,North Carolina State University
1986,Kevin Duckworth,Eastern Illinois University
1986,Rafael Addison,Syracuse University
1986,Otis Smith,Jacksonville University
1986,Dave Feitl,University of Texas at El Paso
1986,David Wingate,Georgetown University
1986,Jeff Hornacek,Iowa State University
1986,Tod Murphy,"University of California, Irvine"
1986,Kenny Gattison,Old Dominion University
1986,John Shasky,University of Minnesota
1986,Dave Hoppen,University of Nebraska
1986,Anthony Bowie,University of Oklahoma
1986,Andre Turner,University of Memphis
1986,Jim Les,Bradley University
1986,Pete Myers,University of Arkansas at Little Rock
1986,Tim Kempton,University of Notre Dame
1986,Anthony Frederick,Pepperdine University
1985,Patrick Ewing,Georgetown University
1985,Wayman Tisdale,University of Oklahoma
1985,Benoit Benjamin,Creighton University
1985,Xavier McDaniel,Wichita State University
1985,Jon Koncak,Southern Methodist University
1985,Joe Kleine,University of Arkansas
1985,Chris Mullin,St. John's University
1985,Detlef Schrempf,University of Washington
1985,Charles Oakley,Virginia Union University
1985,Ed Pinckney,Villanova University
1985,Keith Lee,University of Memphis
1985,Karl Malone,Louisiana Tech University
1985,Blair Rasmussen,University of Oregon
1985,Bill Wennington,St. John's University
1985,Uwe Blab,Indiana University
1985,Joe Dumars,McNeese State University
1985,Steve Harris,University of Tulsa
1985,Sam Vincent,Michigan State University
1985,Terry Catledge,University of South Alabama
1985,Jerry Reynolds,Louisiana State University
1985,A.C. Green,Oregon State University
1985,Terry Porter,University of Wisconsin-Stevens Point
1985,Mike Smrek,Canisius College
1985,Manute Bol,University of Bridgeport
1985,Tyrone Corbin,DePaul University
1985,Carey Scurry,Long Island University
1985,Mark Acres,Oral Roberts University
1985,Hot Rod Williams,Tulane University
1985,Gerald Wilkins,University of Tennessee at Chattanooga
1985,Sam Mitchell,Mercer University
1985,Michael Adams,Boston College
1985,Mike Brown,George Washington University
1985,Scott Roth,University of Wisconsin
1985,Delaney Rudd,Wake Forest University
1985,John Battle,Rutgers University
1985,Spud Webb,North Carolina State University
1985,Mario Elie,American International College
1984,Hakeem Olajuwon,University of Houston
1984,Sam Bowie,University of Kentucky
1984,Michael Jordan,University of North Carolina
1984,Sam Perkins,University of North Carolina
1984,Charles Barkley,Auburn University
1984,Melvin Turpin,University of Kentucky
1984,Alvin Robertson,University of Arkansas
1984,Lancaster Gordon,University of Louisville
1984,Otis Thorpe,Providence College
1984,Leon Wood,"California State University, Fullerton"
1984,Kevin Willis,Michigan State University
1984,Tim McCormick,University of Michigan
1984,Jay Humphries,University of Colorado
1984,Michael Cage,San Diego State University
1984,Terence Stansbury,Temple University
1984,John Stockton,Gonzaga University
1984,Jeff Turner,Vanderbilt University
1984,Vern Fleming,University of Georgia
1984,Bernard Thompson,"California State University, Fresno"
1984,Tony Campbell,Ohio State University
1984,Kenny Fields,"University of California, Los Angeles"
1984,Ron Anderson,"California State University, Fresno"
1984,Stuart Gray,"University of California, Los Angeles"
1984,Steve Colter,New Mexico State University
1984,Othell Wilson,University of Virginia
1984,Charles Jones,University of Louisville
1984,Ben Coleman,University of Maryland
1984,Danny Young,Wake Forest University
1984,Jerome Kersey,Longwood University
1984,Ben McDonald,"University of California, Irvine"
1984,Jim Petersen,University of Minnesota
1984,Bob Thornton,"University of California, Irvine"
1984,Eddie Lee Wilkins,Gardner-Webb University
1984,Ken Bannister,Saint Augustine's College
1983,Ralph Sampson,University of Virginia
1983,Steve Stipanovich,University of Missouri
1983,Rodney McCray,University of Louisville
1983,Byron Scott,Arizona State University
1983,Sidney Green,"University of Nevada, Las Vegas"
1983,Thurl Bailey,North Carolina State University
1983,Antoine Carr,Wichita State University
1983,Dale Ellis,University of Tennessee
1983,Jeff Malone,Mississippi State University
1983,Derek Harper,University of Illinois at Urbana-Champaign
1983,Darrell Walker,University of Arkansas
1983,Ennis Whatley,University of Alabama
1983,Clyde Drexler,University of Houston
1983,Jon Sundvold,University of Missouri
1983,Randy Breuer,University of Minnesota
1983,John Paxson,University of Notre Dame
1983,Roy Hinson,Rutgers University
1983,Greg Kite,Brigham Young University
1983,Randy Wittman,Indiana University
1983,Mitchell Wiggins,Florida State University
1983,Sidney Lowe,North Carolina State University
1983,Rod Foster,"University of California, Los Angeles"
1983,Mark West,Old Dominion University
1983,Doc Rivers,Marquette University
1983,Dirk Minniefield,University of Kentucky
1983,Chris McNealy,San Jose State University
1983,Granville Waiters,Ohio State University
1983,Jim Thomas,Indiana University
1983,Pace Mannion,University of Utah
1983,Kevin Williams,St. John's University
1983,Craig Ehlo,Washington State University
1983,Paul Thompson,Tulane University
1983,Mike Holton,"University of California, Los Angeles"
1983,Bob Hansen,University of Iowa
1983,Darren Daye,"University of California, Los Angeles"
1983,Sedale Threatt,West Virginia University Institute of Technology
1982,James Worthy,University of North Carolina
1982,Terry Cummings,DePaul University
1982,Dominique Wilkins,University of Georgia
1982,Bill Garnett,University of Wyoming
1982,LaSalle Thompson,University of Texas at Austin
1982,Trent Tucker,University of Minnesota
1982,Quintin Dailey,University of San Francisco
1982,Clark Kellogg,Ohio State University
1982,Cliff Levingston,Wichita State University
1982,Fat Lever,Arizona State University
1982,John Bagley,Boston College
1982,Sleepy Floyd,Georgetown University
1982,Lester Conner,Oregon State University
1982,Terry Teagle,Baylor University
1982,Brook Steppe,Georgia Institute of Technology
1982,Ricky Pierce,Rice University
1982,Rob Williams,University of Houston
1982,Paul Pressey,University of Tulsa
1982,Mark McNamara,University of California
1982,Bryan Warrick,Saint Joseph's University
1982,Fred Roberts,Brigham Young University
1982,Scott Hastings,University of Arkansas
1982,Rod Higgins,"California State University, Fresno"
1982,Richard Anderson,"University of California, Santa Barbara"
1982,Derek Smith,University of Louisville
1982,J.J. Anderson,Bradley University
1982,Audie Norris,Jackson State University
1982,Russ Schoene,University of Tennessee at Chattanooga
1982,Craig Hodges,"California State University, Long Beach"
1982,Jerry Eaves,University of Louisville
1982,Charles Pittman,University of Maryland
1982,Perry Moss,Northeastern University
1982,Mark Eaton,"University of California, Los Angeles"
1982,Mike Sanders,"University of California, Los Angeles"
1982,Walker Russell,Western Michigan University
1982,Tony Brown,University of Arkansas
1982,Rory White,University of South Alabama
1982,Ed Nealy,Kansas State University
1981,Mark Aguirre,DePaul University
1981,Isiah Thomas,Indiana University
1981,Buck Williams,University of Maryland
1981,Al Wood,University of North Carolina
1981,Danny Vranes,University of Utah
1981,Orlando Woolridge,University of Notre Dame
1981,Steve Johnson,Oregon State University
1981,Tom Chambers,University of Utah
1981,Rolando Blackman,Kansas State University
1981,Albert King,University of Maryland
1981,Frank Johnson,Wake Forest University
1981,Kelly Tripucka,University of Notre Dame
1981,Danny Schayes,Syracuse University
1981,Herb Williams,Ohio State University
1981,Jeff Lamp,University of Virginia
1981,Darnell Valentine,University of Kansas
1981,Kevin Loder,Alabama State University
1981,Ray Tolbert,Indiana University
1981,Mike McGee,University of Michigan
1981,Larry Nance,Clemson University
1981,Alton Lister,Arizona State University
1981,Franklin Edwards,Cleveland State University
1981,Jay Vincent,Michigan State University
1981,Tracy Jackson,University of Notre Dame
1981,Gene Banks,Duke University
1981,Eddie Johnson,University of Illinois at Urbana-Champaign
1981,Danny Ainge,Brigham Young University
1981,Sam Williams,Arizona State University
1981,Charles Davis,Vanderbilt University
1981,Elston Turner,University of Mississippi
1981,Rudy Macklin,Louisiana State University
1981,Frank Brickowski,Pennsylvania State University
1981,Petur Gudmundsson,University of Washington
1981,Lewis Lloyd,Drake University
1981,Larry Spriggs,Howard University
1981,Pete Verhoeven,"California State University, Fresno"
1981,Kevin McKenna,Creighton University
1981,Hank McDowell,University of Memphis
1980,Joe Barry Carroll,Purdue University
1980,Darrell Griffith,University of Louisville
1980,Kevin McHale,University of Minnesota
1980,Kelvin Ransey,Ohio State University
1980,Mike O'Koren,University of North Carolina
1980,Mike Gminski,Duke University
1980,Andrew Toney,University of Louisiana at Lafayette
1980,Michael Brooks,La Salle University
1980,Ronnie Lester,University of Iowa
1980,Kiki Vandeweghe,"University of California, Los Angeles"
1980,Mike Woodson,Indiana University
1980,Rickey Brown,Mississippi State University
1980,Wes Matthews,University of Wisconsin
1980,Reggie Johnson,University of Tennessee
1980,Larry Drew,University of Missouri
1980,Don Collins,Washington State University
1980,John Duren,Georgetown University
1980,Bill Hanzlik,University of Notre Dame
1980,Carl Nicks,Indiana State University
1980,Larry Smith,Alcorn State University
1980,Jeff Ruland,Iona College
1980,Louis Orr,Syracuse University
1980,Wayne Robinson,Virginia Polytechnic Institute and State University
1980,Rick Mahorn,Hampton University
1980,Butch Carter,Indiana University
1980,Jawann Oldham,Seattle University
1980,Kurt Nimphius,Arizona State University
1980,James Wilkes,"University of California, Los Angeles"
1980,Lowes Moore,West Virginia University
1980,Mike Harper,North Park University
1980,Kurt Rambis,Santa Clara University
1980,Darwin Cook,University of Portland
1980,Rory Sparrow,Villanova University
1980,Lorenzo Romar,University of Washington
1979,Magic Johnson,Michigan State University
1979,Dave Greenwood,"University of California, Los Angeles"
1979,Bill Cartwright,University of San Francisco
1979,Greg Kelser,Michigan State University
1979,Sidney Moncrief,University of Arkansas
1979,James Bailey,Rutgers University
1979,Vinnie Johnson,Baylor University
1979,Calvin Natt,University of Louisiana at Monroe
1979,Larry Demic,University of Arizona
1979,Cliff Robinson,University of Southern California
1979,Jim Paxson,University of Dayton
1979,Dudley Bradley,University of North Carolina
1979,Phil Hubbard,University of Michigan
1979,Jim Spanarkel,Duke University
1979,Reggie King,University of Alabama
1979,Sly Williams,University of Rhode Island
1979,Kyle Macy,University of Kentucky
1979,Johnny High,"University of Nevada, Reno"
1979,Ollie Mack,East Carolina University
1979,Edgar Jones,"University of Nevada, Reno"
1979,Clint Richardson,Seattle University
1979,Paul Mokeski,University of Kansas
1979,Johnny Moore,University of Texas at Austin
1979,Calvin Garrett,Oral Roberts University
1979,Terry Duerod,University of Detroit Mercy
1979,Cedrick Hordges,University of South Carolina
1979,Geoff Huston,Texas Tech University
1979,Earl Cureton,University of Detroit Mercy
1979,Bill Laimbeer,University of Notre Dame
1979,James Donaldson,Washington State University
1979,Jerry Sichting,Purdue University
1979,Allen Leavell,Oklahoma City University
1979,Mark Eaton,"University of California, Los Angeles"
1979,Charles Jones,Albany State University
1978,Mychal Thompson,University of Minnesota
1978,Phil Ford,University of North Carolina
1978,Rick Robey,University of Kentucky
1978,Micheal Ray Richardson,University of Montana
1978,Purvis Short,Jackson State University
1978,Larry Bird,Indiana State University
1978,Ron Brewer,University of Arkansas
1978,Freeman Williams,Portland State University
1978,Reggie Theus,"University of Nevada, Las Vegas"
1978,Butch Lee,Marquette University
1978,James Hardy,University of San Francisco
1978,George Johnson,St. John's University
1978,Winford Boynes,University of San Francisco
1978,Roger Phegley,Bradley University
1978,Mike Mitchell,Auburn University
1978,Jack Givens,University of Kentucky
1978,Dave Corzine,DePaul University
1978,Marty Byrnes,Syracuse University
1978,Mike Evans,Kansas State University
1978,Raymond Townsend,"University of California, Los Angeles"
1978,Terry Tyler,University of Detroit Mercy
1978,Keith Herron,Villanova University
1978,John Long,University of Detroit Mercy
1978,Jeff Judkins,University of Utah
1978,Maurice Cheeks,West Texas A&M University
1978,Wayne Cooper,University of New Orleans
1978,Jerome Whitehead,Marquette University
1978,Clemon Johnson,Florida Agricultural and Mechanical University
1978,Billy Ray Bates,Kentucky State University
1978,Jeff Cook,Idaho State University
1978,Marc Iavaroni,University of Virginia
1978,Pat Cummings,University of Cincinnati
1978,Michael Cooper,University of New Mexico
1978,Joel Kramer,San Diego State University
1978,Gerald Henderson,Virginia Commonwealth University
1978,Duck Williams,University of Notre Dame
1977,Kent Benson,Indiana University
1977,Otis Birdsong,University of Houston
1977,Marques Johnson,"University of California, Los Angeles"
1977,Greg Ballard,University of Oregon
1977,Walter Davis,University of North Carolina
1977,Kenny Carr,North Carolina State University
1977,Bernard King,University of Tennessee
1977,Jack Sikma,Illinois Wesleyan University
1977,Tom LaGarde,University of North Carolina
1977,Ray Williams,University of Minnesota
1977,Ernie Grunfeld,University of Tennessee
1977,Cedric Maxwell,University of North Carolina at Charlotte
1977,Tree Rollins,Clemson University
1977,Brad Davis,University of Maryland
1977,Rickey Green,University of Michigan
1977,Bo Ellis,Marquette University
1977,Anthony Roberts,Oral Roberts University
1977,Norm Nixon,Duquesne University
1977,Mike Glenn,Southern Illinois University
1977,Wilson Washington,Old Dominion University
1977,Glen Gondrezick,"University of Nevada, Las Vegas"
1977,Toby Knight,University of Notre Dame
1977,Eddie Jordan,Rutgers University
1977,Mark Landsberger,Arizona State University
1977,Ben Poquette,Central Michigan University
1977,Jeff Wilkins,Illinois State University
1977,Robert Reid,St. Mary's University
1977,T.R. Dunn,University of Alabama
1977,Bob Elliott,University of Arizona
1977,James Edwards,University of Washington
1977,Eddie Johnson,Auburn University
1977,Joe Hassett,Providence College
1977,John Kuester,University of North Carolina
1977,Robert Smith,"University of Nevada, Las Vegas"
1977,Mike Bratz,Stanford University
1977,Steve Hayes,Idaho State University
1977,Billy McKinney,Northwestern University
1977,Alvin Scott,Oral Roberts University
1976,John Lucas,University of Maryland
1976,Scott May,Indiana University
1976,Richard Washington,"University of California, Los Angeles"
1976,Leon Douglas,University of Alabama
1976,Wally Walker,University of Virginia
1976,Adrian Dantley,University of Notre Dame
1976,Quinn Buckner,Indiana University
1976,Robert Parish,Centenary College of Louisiana
1976,Armond Hill,Princeton University
1976,Ron Lee,University of Oregon
1976,Bob Wilkerson,Indiana University
1976,Terry Furlow,Michigan State University
1976,Mitch Kupchak,University of North Carolina
1976,Larry Wright,Grambling State University
1976,Sonny Parker,Texas A&M University
1976,Bayard Forrest,Grand Canyon University
1976,Major Jones,Albany State University
1976,Earl Tatum,Marquette University
1976,Johnny Davis,University of Dayton
1976,Alex English,University of South Carolina
1976,Scott Lloyd,Arizona State University
1976,Lonnie Shelton,Oregon State University
1976,Bob Carrington,Boston College
1976,Dennis Johnson,Pepperdine University
1976,Lloyd Walton,Marquette University
1976,Tom Abernethy,Indiana University
1976,Ira Terrell,Southern Methodist University
1976,Tom Barker,University of Hawaii
1976,Paul Griffin,Western Michigan University
1976,Mike Dunleavy,University of South Carolina
1975,David Thompson,North Carolina State University
1975,Dave Meyers,"University of California, Los Angeles"
1975,Marvin Webster,Morgan State University
1975,Alvan Adams,University of Oklahoma
1975,Lionel Hollins,Arizona State University
1975,Rich Kelley,Stanford University
1975,Junior Bridgeman,University of Louisville
1975,Bill Robinzine,DePaul University
1975,Joe Meriweather,Southern Illinois University
1975,Joe Bryant,La Salle University
1975,John Lambert,University of Southern California
1975,Ricky Sobers,"University of Nevada, Las Vegas"
1975,Tom Boswell,University of South Carolina
1975,Kevin Grevey,University of Kentucky
1975,Gus Williams,University of Southern California
1975,Bruce Seals,Xavier University of Louisiana
1975,World B. Free,Guilford College
1975,Bob Gross,"California State University, Long Beach"
1975,Dan Roundfield,Central Michigan University
1975,Steve Green,Indiana University
1975,John Laskowski,Indiana University
1975,Jim McElroy,Central Michigan University
1975,Gus Gerard,University of Virginia
1975,Robert Hawkins,Illinois State University
1975,Bayard Forrest,Grand Canyon University
1975,C.J. Kupec,University of Michigan
1975,Eric Fernsten,University of San Francisco
1975,Wilbur Holland,University of New Orleans
1975,Don Ford,"University of California, Santa Barbara"
1975,Mike Flynn,University of Kentucky
1974,Bill Walton,"University of California, Los Angeles"
1974,Marvin Barnes,Providence College
1974,Tom Burleson,North Carolina State University
1974,John Shumate,University of Notre Dame
1974,Bobby Jones,University of North Carolina
1974,Scott Wedman,University of Colorado
1974,Tom Henderson,University of Hawaii
1974,Campy Russell,University of Michigan
1974,Tom McMillen,University of Maryland
1974,Mike Sojourner,University of Utah
1974,Jamaal Wilkes,"University of California, Los Angeles"
1974,Brian Winters,University of South Carolina
1974,Len Elmore,University of Maryland
1974,Maurice Lucas,Marquette University
1974,Al Eberhard,University of Missouri
1974,Cliff Pondexter,"California State University, Long Beach"
1974,Gary Brokaw,University of Notre Dame
1974,Jan Van Breda Kolff,Vanderbilt University
1974,Billy Knight,University of Pittsburgh
1974,Truck Robinson,Tennessee State University
1974,John Drew,Gardner-Webb University
1974,Leonard Gray,"California State University, Long Beach"
1974,Leon Benbow,Jacksonville University
1974,Aaron James,Grambling State University
1974,Phil Smith,University of San Francisco
1974,Fred Saunders,Syracuse University
1974,Eric Money,University of Arizona
1974,Kevin Stacom,Providence College
1974,Foots Walker,State University of West Georgia
1974,Kevin Restani,University of San Francisco
1974,George Gervin,Eastern Michigan University
1974,Harvey Catchings,Hardin-Simmons University
1974,Tal Skinner,University of Maryland Eastern Shore
1974,Kim Hughes,University of Wisconsin
1974,Earl Williams,Winston-Salem State University
1974,Mickey Johnson,Aurora University
1974,Al Skinner,University of Massachusetts Amherst
1973,Doug Collins,Illinois State University
1973,Jim Brewer,University of Minnesota
1973,Ernie DiGregorio,Providence College
1973,Mike Green,Louisiana Tech University
1973,Kermit Washington,American University
1973,Ed Ratleff,"California State University, Long Beach"
1973,Ron Behagen,University of Minnesota
1973,Mike Bantom,Saint Joseph's University
1973,Dwight Jones,University of Houston
1973,John Brown,University of Missouri
1973,Kevin Kunnert,University of Iowa
1973,Nick Weatherspoon,University of Illinois at Urbana-Champaign
1973,Mel Davis,St. John's University
1973,Swen Nater,"University of California, Los Angeles"
1973,Louie Nelson,University of Washington
1973,Mike D'Antoni,Marshall University
1973,Allan Bristow,Virginia Polytechnic Institute and State University
1973,George McGinnis,Indiana University
1973,Kevin Stacom,Providence College
1973,Larry McNeill,Marquette University
1973,Derrek Dickey,University of Cincinnati
1973,Jim Chones,Marquette University
1973,Caldwell Jones,Albany State University
1973,Gary Melchionni,Duke University
1973,Ken Charles,Fordham University
1973,Leonard Gray,"California State University, Long Beach"
1973,Tom Kozelko,University of Toledo
1973,Larry Kenon,University of Memphis
1973,E.C. Coleman,Houston Baptist University
1973,M.L. Carr,Guilford College
1973,John Williamson,New Mexico State University
1973,Tim Bassett,University of Georgia
1973,Nate Hawthorne,Southern Illinois University
1973,Harvey Catchings,Hardin-Simmons University
1972,LaRue Martin,Loyola University of Chicago
1972,Bob McAdoo,University of North Carolina
1972,Dwight Davis,University of Houston
1972,Corky Calhoun,University of Pennsylvania
1972,Freddie Boyd,Oregon State University
1972,Bud Stallworth,University of Kansas
1972,Bob Nash,University of Hawaii
1972,Paul Westphal,University of Southern California
1972,Ralph Simpson,Michigan State University
1972,Julius Erving,University of Massachusetts Amherst
1972,Jim Price,University of Louisville
1972,Chris Ford,Villanova University
1972,John Gianelli,University of the Pacific
1972,Steve Bracey,University of Tulsa
1972,Brian Taylor,Princeton University
1972,Steve Hawes,University of Washington
1972,Dave Twardzik,Old Dominion University
1972,Chuck Terry,"California State University, Long Beach"
1972,Ollie Johnson,Temple University
1972,Lloyd Neal,Tennessee State University
1972,Don Buse,University of Evansville
1972,Ron Riley,University of Southern California
1972,Kevin Porter,Saint Francis University
1972,Henry Bibby,"University of California, Los Angeles"
1972,James Silas,Stephen F. Austin State University
1972,Charles Dudley,University of Washington
1972,Rowland Garrett,Florida State University
1972,Bernie Fryer,Brigham Young University
1972,Mickey Davis,Duquesne University
1971,Austin Carr,University of Notre Dame
1971,Sidney Wicks,"University of California, Los Angeles"
1971,Elmore Smith,Kentucky State University
1971,George Trapp,"California State University, Long Beach"
1971,Fred Brown,University of Iowa
1971,Cliff Meely,University of Colorado
1971,Darnell Hillman,San Jose State University
1971,Stan Love,University of Oregon
1971,Curtis Rowe,"University of California, Los Angeles"
1971,Jim Cleamons,Ohio State University
1971,John Roche,University of South Carolina
1971,Kenny McIntosh,Eastern Michigan University
1971,Dean Meminger,Marquette University
1971,Steve Patterson,"University of California, Los Angeles"
1971,Fred Hilton,Grambling State University
1971,John Mengelt,Auburn University
1971,Ted McClain,Tennessee State University
1971,Jim McDaniels,Western Kentucky University
1971,Mike Newlin,University of Utah
1971,Spencer Haywood,University of Detroit Mercy
1971,Howard Porter,Villanova University
1971,Larry Steele,University of Kentucky
1971,Clifford Ray,University of Oklahoma
1971,Dave Robisch,University of Kansas
1971,Dave Wohl,University of Pennsylvania
1971,Mike Gale,Elizabeth City State University
1971,Mo Layton,University of Southern California
1971,Dick Gibbs,University of Texas at El Paso
1971,Tom Owens,University of South Carolina
1971,Charles Johnson,University of California
1971,Randy Smith,State University of New York College at Buffalo
1971,Artis Gilmore,Jacksonville University
1971,Charlie Davis,Wake Forest University
1970,Bob Lanier,St. Bonaventure University
1970,Rudy Tomjanovich,University of Michigan
1970,Pete Maravich,Louisiana State University
1970,Dave Cowens,Florida State University
1970,Sam Lacey,New Mexico State University
1970,Jim Ard,University of Cincinnati
1970,John Johnson,University of Iowa
1970,Geoff Petrie,Princeton University
1970,Jim McMillian,Columbia University
1970,John Hummer,Princeton University
1970,Calvin Murphy,Niagara University
1970,Tiny Archibald,University of Texas at El Paso
1970,Pete Cross,University of San Francisco
1970,Cornell Warner,Jackson State University
1970,Dave Sorenson,Ohio State University
1970,Curtis Perry,Missouri State University
1970,Gar Heard,University of Oklahoma
1970,Dennis Awtrey,Santa Clara University
1970,George Johnson,Dillard University
1970,Billy Paultz,St. John's University
1970,Charlie Scott,University of North Carolina
1970,Don Adams,Northwestern University
1970,Dan Issel,University of Kentucky
1970,Steve Patterson,"University of California, Los Angeles"
1970,Coby Dietrick,San Jose State University
1970,Randy Smith,State University of New York College at Buffalo
1969,Kareem Abdul-Jabbar,"University of California, Los Angeles"
1969,Neal Walk,University of Florida
1969,Lucius Allen,"University of California, Los Angeles"
1969,Terry Driscoll,Boston College
1969,Bingo Smith,University of Tulsa
1969,Bob Portman,Creighton University
1969,Herm Gilliam,Purdue University
1969,Jo Jo White,University of Kansas
1969,Butch Beard,University of Louisville
1969,John Warren,St. John's University
1969,Willie McCarter,Drake University
1969,Mike Davis,Virginia Union University
1969,Rick Roberson,University of Cincinnati
1969,Willie Norwood,Alcorn State University
1969,Bernie Williams,La Salle University
1969,Dick Garrett,Southern Illinois University
1969,Lee Winfield,University of North Texas
1969,Lamar Green,Morehead State University
1969,Norm Van Lier,Saint Francis University
1969,Luther Rackley,Xavier University
1969,Fred Carter,Mount St. Mary's University
1969,Bob Dandridge,Norfolk State University
1969,Steve Kuberski,Bradley University
1969,Steve Mix,University of Toledo
1969,George Thompson,Marquette University
1969,Wil Jones,Albany State University
1969,Bob Christian,Grambling State University
1969,Fatty Taylor,La Salle University
1969,Mack Calvin,University of Southern California
1968,Elvin Hayes,University of Houston
1968,Wes Unseld,University of Louisville
1968,Bob Kauffman,Guilford College
1968,Tom Boerwinkle,University of Tennessee
1968,Zaid Abdul-Aziz,Iowa State University
1968,Otto Moore,University of Texas-Pan American
1968,Charlie Paulk,Northeastern State University
1968,Gary Gregor,University of South Carolina
1968,Ron Williams,West Virginia University
1968,Bill Hewitt,University of Southern California
1968,Don Chaney,University of Houston
1968,Shaler Halimon,Utah State University
1968,John Trapp,"University of Nevada, Las Vegas"
1968,Art Harris,Stanford University
1968,Bob Quick,Xavier University
1968,Manny Leaks,Niagara University
1968,Dick Cunningham,Murray State University
1968,Stu Lantz,University of Nebraska
1968,Fred Foster,Miami University
1968,Don May,University of Dayton
1968,Dave Newmark,Columbia University
1968,Greg Smith,Western Kentucky University
1968,Jim Eakins,Brigham Young University
1968,Chuck Williams,University of Colorado
1968,Rick Adelman,Loyola Marymount University
1968,Ron Boone,Idaho State University
1968,Herm Gilliam,Purdue University
1967,Jimmy Walker,Providence College
1967,Earl Monroe,Winston-Salem State University
1967,Clem Haskins,Western Kentucky University
1967,Walt Frazier,Southern Illinois University
1967,Al Tucker,Oklahoma Baptist University
1967,Pat Riley,University of Kentucky
1967,Jimmy Jones,Grambling State University
1967,Phil Jackson,University of North Dakota
1967,Bob Rule,Colorado State University
1967,Gary Gregor,University of South Carolina
1967,Bill Turner,University of Akron
1967,Nick Jones,University of Oregon
1967,Louie Dampier,University of Kentucky
1967,Bobby Lewis,University of North Carolina
1967,Dale Schlueter,Colorado State University
1967,Ed Manning,Jackson State University
1967,Mike Riordan,Providence College
1966,Cazzie Russell,University of Michigan
1966,Dave Bing,Syracuse University
1966,Clyde Lee,Vanderbilt University
1966,Lou Hudson,University of Minnesota
1966,Jack Marin,Duke University
1966,Walt Wesley,University of Kansas
1966,Jerry Chambers,University of Utah
1966,Jim Barnett,University of Oregon
1966,Matt Guokas,Saint Joseph's University
1966,Dorie Murrey,University of Detroit Mercy
1966,Joe Ellis,University of San Francisco
1966,Dick Snyder,Davidson College
1966,Neil Johnson,Creighton University
1966,Hank Finkel,University of Dayton
1966,Erwin Mueller,University of San Francisco
1966,Tommy Kron,University of Kentucky
1966,John Block,University of Southern California
1966,Archie Clark,University of Minnesota
1966,John Wetzel,Virginia Polytechnic Institute and State University
1966,Bill Turner,University of Akron
1966,Stan McKenzie,New York University
1965,Gail Goodrich,"University of California, Los Angeles"
1965,Bill Bradley,Princeton University
1965,Fred Hetzel,Davidson College
1965,Rick Barry,University of Miami
1965,Dave Stallworth,Wichita State University
1965,Jerry Sloan,University of Evansville
1965,Billy Cunningham,University of North Carolina
1965,Jim Washington,Villanova University
1965,Nate Bowman,Wichita State University
1965,Dick Van Arsdale,Indiana University
1965,Tom Van Arsdale,Indiana University
1965,Flynn Robinson,University of Wyoming
1965,Keith Erickson,"University of California, Los Angeles"
1965,Barry Clemens,Ohio Wesleyan University
1965,Ron Reed,University of Notre Dame
1965,Bob Weiss,Pennsylvania State University
1965,Jon McGlocklin,Indiana University
1965,Toby Kimball,University of Connecticut
1965,Hank Finkel,University of Dayton
1965,Bob Love,Southern University and A&M College
1965,Jim Fox,University of South Carolina
1964,George Wilson,University of Cincinnati
1964,Mahdi Abdul-Rahman,"University of California, Los Angeles"
1964,Jim Barnes,University of Texas at El Paso
1964,Joe Caldwell,Arizona State University
1964,Luke Jackson,University of Texas-Pan American
1964,Jeff Mullins,Duke University
1964,Mel Counts,Oregon State University
1964,Willis Reed,Grambling State University
1964,Paul Silas,Creighton University
1964,Howard Komives,Bowling Green State University
1964,Wali Jones,Villanova University
1964,Jerry Sloan,University of Evansville
1964,Larry Jones,University of Toledo
1964,McCoy McLemore,Drake University
1964,Freddie Crawford,St. Bonaventure University
1964,Jim Davis,University of Colorado
1964,Hank Finkel,University of Dayton
1964,Happy Hairston,New York University
1964,Joe Strawder,Bradley University
1964,John Tresvant,Seattle University
1964,Em Bryant,DePaul University
1963,Tom Thacker,University of Cincinnati
1963,Art Heyman,Duke University
1963,Rod Thorn,West Virginia University
1963,Nate Thurmond,Bowling Green State University
1963,Eddie Miles,Seattle University
1963,Gerry Ward,Boston College
1963,Gus Johnson,University of Idaho
1963,Jim King,University of Tulsa
1963,Larry Jones,University of Toledo
1963,Freddie Crawford,St. Bonaventure University
1962,Jerry Lucas,Ohio State University
1962,Dave DeBusschere,University of Detroit Mercy
1962,Bill McGill,University of Utah
1962,Zelmo Beaty,Prairie View A&M University
1962,Len Chappell,Wake Forest University
1962,Wayne Hightower,University of Kansas
1962,Leroy Ellis,St. John's University
1962,John Havlicek,Ohio State University
1962,Terry Dischinger,Purdue University
1962,John Rudometkin,University of Southern California
1962,Kevin Loughery,St. John's University
1962,Chet Walker,Bradley University
1962,Bud Olsen,University of Louisville
1962,Gene Wiley,Wichita State University
1962,Don Nelson,University of Iowa
1962,Charlie Hardnett,Grambling State University
1962,Chico Vaughn,Southern Illinois University
1961,Walt Bellamy,Indiana University
1961,Larry Siegfried,Ohio State University
1961,Ray Scott,University of Portland
1961,Ben Warley,Tennessee State University
1961,Tom Meschery,Saint Mary's College of California
1961,Gary Phillips,University of Houston
1961,Johnny Egan,Providence College
1961,Al Butler,Niagara University
1961,Don Kojis,Marquette University
1961,Bevo Nordmann,Saint Louis University
1961,Bill Bridges,University of Kansas
1961,Donnie Butcher,Pikeville College
1961,Kevin Loughery,St. John's University
1960,Oscar Robertson,University of Cincinnati
1960,Jerry West,West Virginia University
1960,Darrall Imhoff,University of California
1960,Jackie Moreland,Louisiana Tech University
1960,Lee Shaffer,University of North Carolina
1960,Lenny Wilkens,Providence College
1960,Tom Sanders,New York University
1960,Dave Budd,Wake Forest University
1960,Ralph Davis,University of Cincinnati
1960,Bob McNeill,Saint Joseph's University
1960,Joe Roberts,Ohio State University
1960,Fred LaCour,University of San Francisco
1960,Ben Warley,Tennessee State University
1960,Willie Jones,Northwestern University
1960,Al Attles,North Carolina Agricultural and Technical State University
1959,Wilt Chamberlain,University of Kansas
1959,Bob Ferry,Saint Louis University
1959,Bob Boozer,Kansas State University
1959,Bailey Howell,Mississippi State University
1959,Tom Hawkins,University of Notre Dame
1959,Dick Barnett,Tennessee State University
1959,Johnny Green,Michigan State University
1959,Rudy LaRusso,Dartmouth College
1959,Gene Tormholen,University of Tennessee
1959,George Lee,University of Michigan
1959,Paul Neumann,Stanford University
1959,Johnny Cox,University of Kentucky
1959,John Barnhill,Tennessee State University
1958,Guy Rodgers,Temple University
1958,Elgin Baylor,Seattle University
1958,Archie Dees,Indiana University
1958,Mike Farmer,University of San Francisco
1958,Connie Dierking,University of Cincinnati
1958,Dave Gambee,Oregon State University
1958,Vern Hatton,University of Kentucky
1958,Barney Cable,Bradley University
1958,Hal Greer,Marshall University
1958,Hub Reed,Oklahoma City University
1958,Boo Ellis,Niagara University
1958,Bucky Bockhorn,University of Dayton
1958,Wayne Embry,Miami University
1958,Johnny Cox,University of Kentucky
1958,Don Ohl,University of Illinois at Urbana-Champaign
1958,Shellie McMillon,Bradley University
1958,Larry Staverman,Thomas More College
1958,Adrian Smith,University of Kentucky
1957,Hot Rod Hundley,West Virginia University
1957,Charlie Tyra,University of Louisville
1957,Jim Krebs,Southern Methodist University
1957,Win Wilfong,University of Memphis
1957,Sam Jones,North Carolina Central University
1957,Jim Palmer,University of Dayton
1957,Woody Sauldsberry,Texas Southern University
1956,Tom Heinsohn,College of the Holy Cross
1956,Si Green,Duquesne University
1956,Bill Russell,University of San Francisco
1956,Jim Paxson,University of Dayton
1956,Joe Holup,George Washington University
1956,Ron Sobie,DePaul University
1956,K.C. Jones,University of San Francisco
1956,Elgin Baylor,Seattle University
1956,Sam Jones,North Carolina Central University
1956,Phil Jordon,Whitworth
1956,Phil Rollins,University of Louisville
1956,Johnny McCarthy,Canisius College
1956,Dave Piontek,Xavier University
1956,Willie Naulls,"University of California, Los Angeles"
1956,Swede Halbrook,Oregon State University
1956,Bob Hopkins,Grambling State University
1955,Dick Garmaker,University of Minnesota
1955,Tom Gola,La Salle University
1955,Dick Ricketts,Duquesne University
1955,Maurice Stokes,Saint Francis University
1955,Jim Loscutoff,University of Oregon
1955,Kenny Sears,Santa Clara University
1955,Ed Conlin,Fordham University
1955,Jack Stephens,University of Notre Dame
1955,Jack Twyman,University of Cincinnati
1955,Corky Devlin,George Washington University
1955,Dick Hemric,Wake Forest University
1955,Chuck Mencel,University of Minnesota
1955,Al Ferrari,Michigan State University
1955,Ed Fleming,Niagara University
1955,Guy Sparrow,University of Detroit Mercy
1955,K.C. Jones,University of San Francisco
1954,Frank Selvy,Furman University
1954,Bob Pettit,Louisiana State University
1954,Gene Shue,University of Maryland
1954,Dick Rosenthal,University of Notre Dame
1954,Togo Palazzi,College of the Holy Cross
1954,Red Kerr,University of Illinois at Urbana-Champaign
1954,Tom Marshall,Western Kentucky University
1954,Ed Kalafat,University of Minnesota
1954,Slick Leonard,Indiana University
1954,Larry Costello,Niagara University
1954,Red Morrison,University of Idaho
1954,Dick Farley,Indiana University
1954,Richie Guerin,Iona College
1954,Al Bianchi,Bowling Green State University
1954,Chuck Noble,University of Louisville
1954,Art Spoelstra,Western Kentucky University
1954,Dick Garmaker,University of Minnesota
1954,Jim Paxson,University of Dayton
1953,Walter Dukes,Seton Hall University
1953,Ernie Beck,University of Pennsylvania
1953,Ray Felix,Long Island University
1953,Bob Houbregs,University of Washington
1953,Richie Regan,Seton Hall University
1953,Frank Ramsey,University of Kentucky
1953,Cliff Hagan,University of Kentucky
1953,Lou Tsioropoulos,University of Kentucky
1953,Irv Bemoras,University of Illinois at Urbana-Champaign
1953,Jack George,La Salle University
1953,Kenny Sears,Santa Clara University
1953,Billy Kenville,St. Bonaventure University
1952,Jim Baechtold,Eastern Kentucky University
1952,Clyde Lovellette,University of Kansas
1952,Walt Davis,Texas A&M University
1952,Gene Conley,Washington State University
1952,Monk Meineke,University of Dayton
1952,Zeke Zawoluk,St. John's University
1952,Eddie Miller,Syracuse University
1952,Jim Holstein,University of Cincinnati
1952,Jack McMahon,St. John's University
1951,Whitey Skoog,University of Minnesota
1951,Mel Hutchins,Brigham Young University
1951,Ernie Barrett,Kansas State University
1951,Don Sunderlage,University of Illinois at Urbana-Champaign
1951,Mel Payton,Tulane University
1951,Lew Hitch,Kansas State University
1951,Bill Tosheff,Indiana University
1951,Alfred McGuire,St. John's University
1951,George Dempsey,King's College
1950,Paul Arizin,Villanova University
1950,Chuck Share,Bowling Green State University
1950,Bob Cousy,College of the Holy Cross
1950,Dick Schnittker,Ohio State University
1950,Larry Foust,La Salle University
1950,George Yardley,Stanford University
1950,Bob Lavoy,Western Kentucky University
1950,Kevin O'Shea,University of Notre Dame
1950,Don Lofgran,University of San Francisco
1950,Chuck Cooper,Duquesne University
1950,Wally Osterkorn,University of Illinois at Urbana-Champaign
1950,Bill Sharman,University of Southern California
1950,Bob Donham,Ohio State University
1950,Ken Murray,St. Bonaventure University
1950,Cal Christensen,University of Toledo
1950,Ralph O'Brien,Butler University
1950,George King,University of Charleston
1950,Earl Lloyd,West Virginia State University
