,Player,School,MP,FGA,FG%,2P,3P,3PA,FT,FTA,ORB,STL,BLK,TOV,PTS,eFG%,TRB%,AST%,OWS,DWS,WS/40,,Career_PER,,,,,,,,,
0,Scot Pollard,Kansas,21.5,6,0.549,3.3,0,0,2.8,4.2,1.842602041,0.8,1.7,1.5,9.4,0.55,11.93196481,15.44281525,3.7,8,0.17,,13.8,,,,,,,,,
1,D.J. Augustin,Texas,36.5,12.2,0.443,3.8,1.6,4.1,4.4,5.5,0.6,1.4,0,3,16.9,0.51,4.2,34.3,6.2,4.5,0.161,,14.2,,,,,,,,,
2,Jordan Hill,Arizona,27,8.8,0.578,5.1,0,0,2.3,3.6,2.8,0.5,1.4,2,12.5,0.578,18,7,7.1,5,0.185,,16.3,,,,,,,,,
3,T.J. Ford,Texas,33,10.5,0.406,3.9,0.3,1.5,4,5,0.7,2.1,0.1,3.6,12.9,0.422,6.4,44.6,2,5.3,0.135,,15.1,,,,,,,,,
4,Alex Len,Maryland,24.5,7,0.538,3.7,0,0.2,2.2,3.3,2.4,0.2,2.1,1.6,9.7,0.539,16.5,7.2,3.5,2.6,0.165,,14.7,,,,,,,,,
5,James Johnson,Wake Forest,29.9,11.2,0.515,4.9,0.8,2.8,2.5,3.6,2.8,1.4,1.4,2.5,14.8,0.551,15.2,9.2,4.6,5.4,0.219,,14.6,,,,,,,,,
6,Brandan Wright,UNC,27.4,9.5,0.646,6.2,0,0,2.4,4.2,2.1,1,1.8,1.6,14.7,0.646,11.93196481,15.44281525,3.7,4,0.301,,20.3,,,,,,,,,
7,Jumaine Jones,Georgia,34.4,13.2,0.449,4.5,1.4,4,3.3,4.4,1.842602041,1,0.6,2.5,16.6,0.502,11.93196481,15.44281525,4.5,4,0.154,,12.5,,,,,,,,,
8,Patrick Patterson,Kentucky,34,10.9,0.585,6.1,0.2,0.8,3.2,4.3,2.9,0.7,1.6,1.6,16.1,0.597,13.8,10,12,5.7,0.215,,12.6,,,,,,,,,
9,Etan Thomas,Syracuse,26,6.8,0.6,4.1,0,0,2.9,4.8,1.842602041,0.7,3.5,1.7,11,0.6,11.93196481,15.44281525,9.3,14.2,0.301,,14.5,,,,,,,,,
10,MarShon Brooks,Providence,25.3,11.2,0.464,3.8,1.4,4.2,2.6,3.6,1.6,1.1,0.7,1.8,14.4,0.526,9.3,13.5,8.4,2.6,0.154,,13.9,,,,,,,,,
11,DerMarr Johnson,Cincinnati,27.5,9.2,0.478,2.8,1.6,4.4,2.2,3,1.842602041,1,0.9,1.4,12.6,0.567,11.93196481,15.44281525,2.6,2.2,0.218,,11,,,,,,,,,
12,Evan Eschmeyer,Northwestern,30.8,9.3,0.595,5.5,0,0,5,7.7,1.842602041,0.8,1.2,2.8,16.1,0.595,11.93196481,15.44281525,15.2,4.5,0.228,,10.6,,,,,,,,,
13,Isaiah Canaan,Murray State,29.4,10.7,0.45,2.5,2.3,5.5,3.6,4.5,0.6,1.2,0.1,2.4,15.5,0.558,5.9,22.2,14.3,6.1,0.21,,10.7,,,,,,,,,
14,Marcus Thornton,LSU,32.7,15.6,0.455,4.5,2.5,6.7,3.7,4.8,2,1.5,0.3,2,20.4,0.537,9.3,12.7,7.1,3.8,0.201,,15.5,,,,,,,,,
15,Drew Gooden,Kansas,26.2,12.3,0.493,5.9,0.2,0.6,3.3,4.7,3,1.1,1.1,2.6,15.6,0.501,18.1,9.4,5.2,7.9,0.204,,16.3,,,,,,,,,
16,Michael Bradley,Overall,27.4,6.5,0.677,4.3,0.1,0.3,1.9,3.6,3.5,0.6,1,2.2,10.9,0.687,11.93196481,15.44281525,8.8,4,0.248,,11.3,,,,,,,,,
17,Arron Afflalo,UCLA,32.7,10.9,0.457,3,2,5.4,2.8,3.6,0.6,0.6,0.2,2,14.8,0.549,7.3,12.5,9.7,4.1,0.163,,11.9,,,,,,,,,
18,Loren Woods,Overall,26.2,8,0.493,3.9,0,0.1,3.2,4.3,1.6,0.5,2.6,1.9,11.1,0.494,11.93196481,15.44281525,5.6,10.7,0.261,,11.2,,,,,,,,,
19,Quincy Acy,Baylor,25.1,6,0.602,3.6,0,0.1,2.5,3.6,2.2,0.7,1.3,1.5,9.8,0.604,14.4,5.3,9.9,6.4,0.187,,11.2,,,,,,,,,
20,Daniel Ewing,Duke,27.7,9,0.432,2.3,1.6,4,2.2,2.9,0.8,1.4,0.2,1.9,11.6,0.519,5.5,10.2,7.1,6.4,0.141,,8.3,,,,,,,,,
21,Channing Frye,Arizona,27.7,9.5,0.562,5.3,0,0.2,2.8,3.7,2.8,0.6,1.9,1.4,13.5,0.565,14.4,9.7,10.3,10.9,0.23,,13.3,,,,,,,,,
22,Tobias Harris,Tennessee,29.2,11.8,0.46,4.8,0.7,2.2,3.8,5,2,0.7,0.9,1.8,15.3,0.489,14,10.4,2.9,1.5,0.177,,16.8,,,,,,,,,
23,Matt Bonner,Florida,25,8.8,0.503,3.2,1.3,3.2,1.9,2.5,2.3,0.7,0.5,1.6,12,0.574,11.4,9.7,9.6,7.2,0.206,,13.6,,,,,,,,,
24,Derek Anderson,Overall,24.9,8.5,0.482,3.2,0.9,2.5,3.2,4,1.842602041,1.9,0.2,2,12.4,0.536,11.93196481,15.44281525,4.5,3.5,0.129,,15.3,,,,,,,,,
25,Josh McRoberts,Duke,29.7,7.5,0.54,3.9,0.1,0.5,2.5,3.8,1.9,1.2,1.9,1.9,10.8,0.549,13.1,16.5,4,6.2,0.201,,13.2,,,,,,,,,
26,Tayshaun Prince,Kentucky,29.8,10.5,0.457,3.3,1.5,4.6,2,2.7,1.9,0.8,1.1,1.7,13.1,0.529,11.93196481,15.44281525,8.4,9.8,0.181,,13.7,,,,,,,,,
27,Glenn Robinson III,Michigan,33,8.8,0.525,3.9,0.7,2.4,2.1,2.9,1.8,1,0.3,1,12,0.567,9.5,6.7,7,3,0.159,,10.5,,,,,,,,,
28,Kevin Durant,Texas,35.9,18.5,0.473,6.4,2.3,5.8,6,7.3,3,1.9,1.9,2.8,25.8,0.536,16.5,8.6,4.7,4.1,0.28,,25.2,,,,,,,,,
30,Luke Babbitt,Nevada,34.9,13.6,0.48,5.4,1.1,2.6,5.2,5.8,2,0.9,0.8,2.1,19.4,0.52,13.4,11,8.4,3.6,0.202,,10.1,,,,,,,,,
31,Ray Allen,UConn,28.6,14.3,0.487,4.7,2.3,5.1,2.8,3.5,1.842602041,1.6,0.4,1.9,19,0.567,11.93196481,15.44281525,5,3.3,0.115,,18.6,,,,,,,,,
32,Darren Collison,UCLA,29.2,8.3,0.475,2.8,1.2,2.7,2.5,2.9,0.4,1.6,0.1,2.4,11.5,0.544,5.1,24.4,11,8.2,0.185,,16.2,,,,,,,,,
33,Cole Aldrich,Kansas,21,6.1,0.574,3.5,0,0,2.3,3.2,2.3,0.5,2.3,1.2,9.4,0.574,20.5,6.5,7.4,9,0.282,,16.6,,,,,,,,,
34,Eric Bledsoe,Kentucky,30.3,8.4,0.462,2.6,1.3,3.5,2.2,3.3,0.5,1.4,0.3,3,11.3,0.54,5.5,16.8,1.5,2.1,0.126,,18,,,,,,,,,
35,Mike Conley,Ohio State,31.6,7.9,0.518,3.6,0.5,1.8,2.6,3.7,0.7,2.2,0.3,2.2,11.3,0.552,11.93196481,15.44281525,2.7,3.4,0.199,,17.6,,,,,,,,,
36,Rasual Butler,La Salle,38.3,16.7,0.409,4.3,2.6,7.1,3.1,3.7,2.1,1,1.1,2.7,19.3,0.486,11.93196481,15.44281525,7.1,6.1,0.126,,10.6,,,,,,,,,
37,Terrence Williams,Louisville,32.2,10.3,0.4,2.7,1.4,4.4,1.5,2.6,1.5,1.5,0.6,2.4,11.2,0.467,11,21.4,1.9,13.5,0.136,,11.5,,,,,,,,,
38,Marcus Williams,UConn,27.9,7.2,0.402,2.1,0.8,2.1,2.4,3,0.7,1,0.2,3.2,9,0.455,5.7,43.3,2.2,4.7,0.141,,11,,,,,,,,,
39,Jerome James,Florida A&M,25.8,12.8,0.495,6.3,0,0,3.3,6.2,1.842602041,0.5,4.5,3.3,16,0.495,11.93196481,15.44281525,3.1,6.3,0.143,,10.6,,,,,,,,,
40,Mario Chalmers,Kansas,28.5,8.3,0.486,2.4,1.6,3.9,2.5,3.2,0.3,2.6,0.4,2.4,12.2,0.584,5.3,22.7,9.5,9,0.236,,12.7,,,,,,,,,
41,Desmond Mason,Oklahoma State,30,9.8,0.486,3.8,1,2.7,2.6,3.6,1.842602041,1.2,0.7,1.7,13.2,0.537,11.93196481,15.44281525,9.4,9.8,0.198,,12.7,,,,,,,,,
42,Richard Hamilton,UConn,31.4,15.7,0.426,4.4,2.3,6.1,4,4.9,1.842602041,1.3,0.3,2.7,19.8,0.499,11.93196481,15.44281525,9.5,7.2,0.196,,16.5,,,,,,,,,
43,Fred Jones,Oregon,28.2,9.2,0.481,3.3,1.2,3.5,3.1,3.9,1.9,1.2,0.6,2.4,13.2,0.545,11.93196481,15.44281525,9.7,5.7,0.174,,11.3,,,,,,,,,
44,Michael Redd,Ohio State,33.1,16.3,0.448,6,1.3,4.1,3.7,5.7,1.842602041,1.6,0.1,2.3,19.6,0.488,11.93196481,15.44281525,6,5.4,0.164,,19.5,,,,,,,,,
45,Anthony Parker,Bradley,32.2,10.5,0.447,2.9,1.7,4.6,3.9,5.2,1.842602041,1.4,0.7,2.5,15,0.53,11.93196481,15.44281525,6,4.3,0.113,,12.2,,,,,,,,,
46,Jrue Holiday,UCLA,27.1,7.1,0.45,2.4,0.8,2.5,1.3,1.8,1.3,1.6,0.5,2.1,8.5,0.504,8.9,23.8,1.2,2.1,0.138,,16.9,,,,,,,,,
47,Chris Paul,Wake Forest,33.5,9.3,0.472,3,1.4,2.9,4.9,5.8,0.7,2.5,0.2,2.7,15,0.545,6.6,32.3,6.3,3.1,0.178,,25.3,,,,,,,,,
48,Aaron Gordon,Arizona,31.2,10.1,0.495,4.6,0.4,1.2,2,4.7,2.7,0.9,1,1.4,12.4,0.516,14.9,13,2.1,3.3,0.183,,15.2,,,,,,,,,
49,Salim Stoudamire,Arizona,29.8,10.1,0.471,2.1,2.7,5.8,3,3.5,0.4,0.8,0.1,2,15.2,0.602,4.1,13.3,14.1,2.8,0.176,,11.8,,,,,,,,,
50,Adam Morrison,Gonzaga,30.6,14,0.503,5.7,1.3,3.7,4.2,5.5,1.3,0.7,0.4,1.7,19.7,0.552,9.4,17.4,10.5,3.6,0.193,,7.4,,,,,,,,,
51,Maurice Harkless,St. John's (NY),36.1,13.3,0.452,5.5,0.5,2.5,2.9,4.3,2.8,1.6,1.4,2.5,15.5,0.472,14,9.6,1.8,1.3,0.109,,12.4,,,,,,,,,
52,Adonal Foyle,Colgate,36.5,15,0.547,8.2,0,0.1,4,8.2,1.842602041,0.7,5.7,3.8,20.4,0.548,11.93196481,15.44281525,5,5,0.125,,12.3,,,,,,,,,
53,Chase Budinger,Arizona,35.4,12.8,0.469,4.1,1.9,5,3.1,4,1.4,1.3,0.4,2.1,17,0.544,10,16.8,9.2,3.8,0.147,,13,,,,,,,,,
54,Shelden Williams,Duke,28.1,8.6,0.572,4.9,0,0.1,4,5.7,3.2,1.2,3,2.3,13.9,0.573,18.3,6.3,12.4,16.8,0.299,,12.5,,,,,,,,,
55,Kenyon Martin,Cincinnati,23.7,7.5,0.586,4.4,0,0.1,2.2,3.7,1.842602041,1.1,2.5,1.6,11,0.587,11.93196481,15.44281525,8.2,16.4,0.346,,15,,,,,,,,,
56,Kareem Rush,Missouri,30.2,14.7,0.445,3.9,2.7,6.4,3.1,4,1.7,1.2,0.6,2.8,18.9,0.537,11.93196481,15.44281525,7.9,4.3,0.193,,9.2,,,,,,,,,
57,Roy Rogers,Alabama,20.4,5.2,0.517,2.7,0,0,1,1.6,1.842602041,0.4,2.6,1.2,6.4,0.517,11.93196481,15.44281525,1.7,3.4,0.099,,12.1,,,,,,,,,
58,Bradley Beal,Florida,34.2,10.6,0.445,3,1.7,5,3.6,4.7,1.4,1.4,0.8,2.1,14.8,0.525,12.3,12.7,3.6,2.1,0.18,,17,,,,,,,,,
59,Bobby Jackson,Minnesota,29.7,11.9,0.427,4.1,1,3.2,3.3,4.1,1.842602041,1.8,0.3,2.3,14.4,0.469,11.93196481,15.44281525,3,4.8,0.176,,15.2,,,,,,,,,
60,Joakim Noah,Florida,21.1,6.2,0.616,3.8,0,0,2.9,4.2,2,0.9,1.7,1.8,10.5,0.617,16.5,16,8.7,9,0.31,,17.6,,,,,,,,,
61,Pat Garrity,Notre Dame,32.1,13.8,0.488,5.8,0.9,2.5,4.4,5.9,1.842602041,0.8,0.6,2.9,18.8,0.52,11.93196481,15.44281525,8.8,3.1,0.111,,10.7,,,,,,,,,
62,Chris Duhon,Duke,33.4,7.2,0.418,1.9,1.1,3.5,1.7,2.4,0.8,2.1,0.1,2.5,8.8,0.497,5.8,30,4.6,9.8,0.12,,10.8,,,,,,,,,
63,Bernard Robinson,Michigan,30.6,10.4,0.44,4,0.6,1.9,2.8,3.4,1.3,1.4,0.4,2.9,12.5,0.467,10.6,21.9,4.7,4.8,0.105,,11,,,,,,,,,
64,Kelvin Cato,Overall,24.4,7.9,0.434,3.4,0,0,2.2,3.8,1.842602041,0.8,3.5,1.6,9.1,0.434,11.93196481,15.44281525,0.5,8.3,0.181,,14.4,,,,,,,,,
65,DeJuan Blair,Pitt,26.6,9.6,0.568,5.5,0,0,2.7,4.3,4.7,1.6,1,1.6,13.6,0.568,22.7,8.2,5.4,9.6,0.314,,16.5,,,,,,,,,
66,Brevin Knight,Stanford,32.2,10.8,0.416,3.7,0.8,2.4,5.1,6.4,1.842602041,2.6,0.1,3.5,14.9,0.453,11.93196481,15.44281525,4.9,4.9,0.105,,14.9,,,,,,,,,
67,J.J. Redick,Duke,34,13.7,0.433,2.6,3.3,8.1,4.8,5.2,0.5,1.1,0.1,2.1,19.9,0.553,4.3,12.7,18.4,5.1,0.199,,14.9,,,,,,,,,
68,Jeff Foster,Texas State,21.3,7.1,0.508,3.6,0,0,2.5,3.9,1.842602041,0.9,1,1.6,9.8,0.51,11.93196481,15.44281525,4.9,9.2,0.235,,14.2,,,,,,,,,
69,Kyle O'Quinn,Norfolk State,27.5,8.6,0.553,4.3,0.4,1.6,2.6,3.8,2.6,0.5,2.2,2,12.5,0.577,18.7,8.5,9.4,6.3,0.178,,17.8,,,,,,,,,
70,Glen Davis,LSU,32,12,0.496,5.7,0.3,0.9,4.5,6.5,3.8,1.1,1.2,2.4,16.7,0.507,17.3,10.7,7.1,8.2,0.202,,12.4,,,,,,,,,
71,Jarvis Hayes,Overall,31.4,15,0.457,5,1.9,5.1,2.4,3.1,1.2,1.3,0.5,1.7,18,0.519,8,11.2,6,3.3,0.14,,10.8,,,,,,,,,
72,Ryan Gomes,Providence,35.1,13,0.519,6.1,0.7,2,4.2,5.3,3.3,1.6,0.4,2.3,18.4,0.546,15.3,13.8,13.1,7.5,0.202,,12.5,,,,,,,,,
73,Shannon Brown,Michigan State,28,9.4,0.457,3.2,1.1,3.1,2.5,3,1,1.3,0.1,2,12.2,0.518,7.7,14,5.9,2.8,0.128,,12.4,,,,,,,,,
74,Danny Green,UNC,19.9,7.4,0.455,2.1,1.3,3.4,1.4,1.6,1.4,1.1,1.1,1.4,9.4,0.54,10.9,15.1,6.5,10.4,0.233,,13,,,,,,,,,
75,Anthony Johnson,College of Charleston,24,6.1,0.466,2.3,0.6,1.4,1.9,2.6,1.842602041,1.2,0.2,2.2,8.2,0.513,11.93196481,15.44281525,4.7,4.3,0.128,,11.2,,,,,,,,,
76,Zach Randolph,Michigan State,19.8,7.1,0.587,4.2,0,0,2.4,3.8,3.1,0.7,0.7,1.6,10.8,0.587,11.93196481,15.44281525,2.3,2.8,0.315,,19.3,,,,,,,,,
77,Gerald Wallace,Alabama,22.9,8,0.438,3.2,0.3,1.8,2.4,4.3,2.3,1.2,1,2.4,9.8,0.457,11.93196481,15.44281525,0.4,3,0.168,,16.3,,,,,,,,,
78,DeMarcus Cousins,Kentucky,23.5,9.7,0.558,5.4,0,0.2,4.3,7.1,4.1,1,1.8,2.1,15.1,0.56,22.5,9.2,3.8,2.7,0.29,,22.4,,,,,,,,,
79,Andrew Nicholson,St. Bonaventure,29.9,11.4,0.575,6.3,0.2,0.6,3.7,5.1,2.2,0.5,2,2.4,17.1,0.585,14.9,7.4,12.7,5.9,0.202,,12.2,,,,,,,,,
80,Kyle Singler,Duke,33,12.7,0.433,3.7,1.8,5,3.4,4.3,2.4,1.1,0.7,2.1,16.2,0.504,11.6,11.9,13.5,12.2,0.21,,9.5,,,,,,,,,
81,Jason Thompson,Rider,32.1,11.8,0.526,6,0.2,0.8,4,6,3,0.9,1.9,2.6,16.7,0.536,16.7,14.3,9.8,6.9,0.171,,13.5,,,,,,,,,
82,Hakim Warrick,Syracuse,31,10.6,0.536,5.6,0.1,0.3,3.9,5.9,2.9,1,0.9,2.3,15.4,0.539,12.8,10.4,10.8,10,0.199,,15.5,,,,,,,,,
83,Derrick Rose,Memphis,29.2,10.9,0.477,4.3,0.9,2.6,3.7,5.1,1.4,1.2,0.4,2.7,14.9,0.517,8.3,30.4,2.8,3.8,0.226,,18.1,,,,,,,,,
84,John Salmons,Miami (FL),30.8,7.7,0.466,2.9,0.7,2.2,2.5,3.1,2,1.5,0.7,2.6,10.4,0.511,9.6,36.1,7.1,9.2,0.171,,12.1,,,,,,,,,
85,Jay Williams,Duke,33.1,14.6,0.453,3.7,2.9,7.4,3.1,4.7,0.8,2.2,0.1,3.9,19.3,0.552,11.93196481,15.44281525,10.3,7.2,0.197,,12.2,,,,,,,,,
86,Meyers Leonard,Illinois,19.8,5.4,0.567,3,0,0.2,1.6,2.2,1.3,0.3,1.1,1.4,7.7,0.569,15.4,8.5,2.7,2.2,0.149,,12.2,,,,,,,,,
87,Dan Gadzuric,UCLA,24.1,8.2,0.548,4.5,0,0,1.6,3.5,2.9,0.7,1.5,1.8,10.5,0.548,16.9,5.4,4.6,7.9,0.169,,14.4,,,,,,,,,
88,Kenneth Faried,Morehead State,29.1,10.1,0.569,5.7,0,0.1,3.2,5.6,4.4,1.7,1.8,2.2,14.8,0.57,25.8,6,11.8,12.4,0.245,,19.8,,,,,,,,,
89,Jerome Williams,Georgetown,28.8,7.4,0.544,4,0,0.3,2.5,3.9,1.842602041,1.6,0.4,2.3,10.5,0.547,11.93196481,15.44281525,2.4,3.4,0.12,,15.9,,,,,,,,,
90,Chandler Parsons,Florida,27.9,7.8,0.477,2.6,1.1,3.2,1.7,2.8,1.9,0.9,0.3,1.6,10.2,0.546,13,19.1,8.4,7.2,0.157,,14.7,,,,,,,,,
91,Tristan Thompson,North Texas,25.5,8.2,0.439,2.2,1.4,3.6,4.1,5,0.6,0.6,0.1,1.7,12.7,0.526,6.4,11.2,10,3,0.159,,15.4,,,,,,,,,
92,Will Barton,Memphis,32.9,12,0.471,4.6,1.1,3.6,2.7,3.7,1.7,1.5,0.6,2.3,15.2,0.517,11.9,18.4,5.9,4.2,0.176,,14.7,,,,,,,,,
93,Francisco Garcia,Louisville,28.1,10.5,0.448,2.9,1.8,5,3.2,3.7,1.2,1.5,1.4,2.4,14.4,0.535,7.6,28.9,8.4,9.6,0.261,,12.3,,,,,,,,,
94,Shelvin Mack,Butler,31.2,11.4,0.419,2.8,2,5.6,2.6,3.4,0.8,1.1,0.1,2.2,14.1,0.507,8.3,25.4,7.9,5.9,0.164,,12.4,,,,,,,,,
95,Carmelo Anthony,Syracuse,36.4,17.5,0.453,6.3,1.6,4.7,4.8,6.8,2.9,1.6,0.9,2.2,22.2,0.498,14,11.9,2.7,3.1,0.183,,20.3,,,,,,,,,
96,Marcus Camby,UMass,25.3,11.7,0.501,5.8,0,0.1,3.3,5.1,1.842602041,0.8,3.7,2,15.1,0.501,11.93196481,15.44281525,2.2,5.9,0.139,,17.8,,,,,,,,,
97,Andre Miller,Utah,29.4,8.6,0.513,4,0.4,1.5,2.9,4.2,1.842602041,1.9,0.5,2.8,12.1,0.538,11.93196481,15.44281525,10.3,12.5,0.21,,17.4,,,,,,,,,
98,James Harden,Arizona State,35,11.9,0.506,4.6,1.5,3.9,5.4,7.2,1.3,1.9,0.4,3,19,0.568,10.3,27,10,3.8,0.23,,24.3,,,,,,,,,
99,Rudy Gay,UConn,29.8,10.8,0.461,4.1,0.9,2.3,2.8,3.8,1.9,1.3,1.7,2.2,13.6,0.501,10.8,12.6,3.2,5.9,0.191,,16.8,,,,,,,,,
100,Laron Profit,Maryland,25.6,9.8,0.474,3.8,0.8,2.6,2.4,3.4,1.842602041,2,0.6,2.5,12.5,0.517,11.93196481,15.44281525,6.7,8,0.175,,10.6,,,,,,,,,
101,Trey Burke,Michigan,35.7,13.3,0.45,4.2,1.8,5,3.1,4,0.6,1.3,0.5,2.5,16.9,0.519,6.1,33.2,9.7,3.2,0.197,,13.8,,,,,,,,,
102,Andrew Bogut,Utah,32.7,10.9,0.603,6.4,0.2,0.5,3.2,4.7,3.5,0.7,1.6,2.7,16.6,0.612,24.2,18.2,9.4,7.7,0.307,,16.4,,,,,,,,,
103,Miles Plumlee,Duke,15.8,3.5,0.557,1.9,0,0,0.9,1.5,1.8,0.5,0.6,1,4.8,0.559,17.3,3.9,4.1,5,0.17,,13.7,,,,,,,,,
104,Morris Peterson,Michigan State,23.4,8.5,0.484,3,1.1,2.8,2.3,3.1,1.842602041,0.9,0.3,1.5,11.6,0.547,11.93196481,15.44281525,10,8.2,0.257,,13.3,,,,,,,,,
105,Shabazz Muhammad,UCLA,30.8,14.3,0.443,5.1,1.3,3.3,4,5.6,2.7,0.7,0.1,1.6,17.9,0.487,9.6,5.8,2.9,0.8,0.149,,15.9,,,,,,,,,
106,Harrison Barnes,UNC,29.3,13.6,0.43,4.3,1.5,4.4,3.1,4.3,2,0.9,0.4,1.9,16.3,0.487,9.7,8.4,5.6,3.8,0.17,,13.3,,,,,,,,,
107,Otto Porter,Georgetown,32.5,9.2,0.498,3.7,0.9,2.4,2.8,3.8,1.9,1.5,0.9,1.3,12.8,0.545,14.2,14.9,6.8,5.3,0.231,,15.6,,,,,,,,,
108,Jason Smith,Colorado State,27.9,9.6,0.548,5.1,0.1,0.3,4.1,5.5,2.6,0.5,1.7,3.1,14.7,0.553,15.5,17.8,8.1,2.4,0.172,,12.9,,,,,,,,,
109,Roger Mason,Virginia,29.6,10,0.436,2.8,1.5,4.1,3.6,4.1,0.8,1,0.4,2.2,13.8,0.513,11.93196481,15.44281525,6.4,3.6,0.152,,10.9,,,,,,,,,
110,Sean Marks,California,13,5.1,0.487,2.4,0.1,0.3,1.4,2.1,1.842602041,0.6,0.8,1.1,6.5,0.499,11.93196481,15.44281525,1.9,3.7,0.151,,9.1,,,,,,,,,
111,Ronnie Brewer,Arkansas,33,11.9,0.462,4.3,1.2,3.4,3.6,5.4,1.7,2.4,0.5,2.3,15.7,0.511,8.8,21.5,6.2,7.4,0.184,,14.4,,,,,,,,,
112,Casey Jacobsen,Stanford,31.8,12.2,0.47,3.4,2.3,5.5,4.3,5.6,1.1,0.5,0.1,2,18.1,0.566,6.9,20.8,11.3,3.8,0.2,,9.2,,,,,,,,,
113,Chris Crawford,Marquette,22,7.3,0.444,2.5,0.8,2,2.1,2.9,1.842602041,0.6,0.4,1.5,9.3,0.496,11.93196481,15.44281525,3.8,4.1,0.126,,12.9,,,,,,,,,
114,Rodney Hood,Overall,32.8,10.4,0.455,3,1.8,4.4,2,2.6,0.9,0.6,0.3,1.3,13.3,0.539,8,12.6,5.8,2,0.142,,13.3,,,,,,,,,
115,Carl Landry,Purdue,29.9,10.5,0.602,6.1,0.2,0.7,5.6,7.9,3,1,0.8,2.9,18.4,0.61,14.7,10.6,9.8,4.3,0.293,,17.5,,,,,,,,,
116,James Anderson,Oklahoma State,32.8,12.6,0.46,3.5,2.2,5.9,4.2,5.2,1.9,1.1,0.6,2.1,17.9,0.549,9,11,11.6,4.4,0.193,,9.9,,,,,,,,,
117,Derek Fisher,Little Rock,32.6,9.3,0.414,2.7,1.1,2.9,3.6,4.8,1.842602041,1.6,0.1,2.4,12.4,0.474,11.93196481,15.44281525,2.1,2.1,0.046,,11.7,,,,,,,,,
118,Jordan Hamilton,Texas,26.2,12.2,0.43,3.1,2.1,5.6,1.9,2.7,1.5,0.8,0.5,1.8,14.5,0.516,11.7,14.2,5.5,3.9,0.205,,13.4,,,,,,,,,
119,Dominic McGuire,Overall,25,7.2,0.462,3,0.3,1.1,1.8,3.2,1.7,0.6,1.9,2.4,8.7,0.481,12.7,10.5,1.4,6.8,0.153,,9.8,,,,,,,,,
120,Tyreke Evans,Memphis,29,13.6,0.455,5.3,0.9,3.4,3.7,5.2,1.3,2.1,0.8,3.6,17.1,0.489,10.2,30,2.4,4.8,0.268,,17.2,,,,,,,,,
121,Anthony Davis,Kentucky,32,8.4,0.623,5.2,0.1,0.5,3.6,5.1,3,1.4,4.7,1,14.2,0.628,19,7.5,5.9,4.1,0.31,,27.4,,,,,,,,,
122,Spencer Hawes,Washington,28.9,11.7,0.532,6.2,0,0.1,2.4,3.2,2,0.5,1.7,2.5,14.9,0.533,13.2,14,2,2.4,0.198,,14,,,,,,,,,
123,Brendan Haywood,UNC,29.2,6,0.637,3.8,0,0,2.3,4,3.2,0.3,2.2,1.9,10,0.637,11.93196481,15.44281525,10.6,8.8,0.231,,14.6,,,,,,,,,
124,Al Horford,Florida,25.7,6.6,0.586,3.9,0,0,2.5,4.1,2.3,0.9,1.7,1.6,10.3,0.586,17,11.6,7,10,0.244,,18.9,,,,,,,,,
125,James Posey,Xavier,31.5,9.3,0.527,4.1,0.8,2.3,4.7,5.9,1.842602041,2.3,0.7,2.7,15.3,0.568,17.1,9.5,11,8.1,0.252,,12.4,,,,,,,,,
126,Melvin Ely,Fresno State,32.5,11,0.577,6.4,0,0,3,4.6,2.9,0.8,2.9,2.4,15.7,0.578,11.93196481,15.44281525,11.3,9.8,0.209,,10.6,,,,,,,,,
127,Lamar Odom,Rhode Island,34.9,13.2,0.482,5.3,1,3.1,3.9,5.7,1.842602041,0.8,1.5,3.4,17.6,0.521,11.93196481,15.44281525,2.9,2.9,0.206,,16.5,,,,,,,,,
128,Randy Foye,Villanova,31.3,13.1,0.399,3.6,1.6,4.9,3,3.8,1.4,1.5,0.4,2.9,15,0.461,8.6,23.2,4.7,8.5,0.129,,12,,,,,,,,,
129,Austin Croshere,Providence,23.6,9.3,0.44,2.9,1.2,3.6,3.2,3.8,1.842602041,0.9,0.6,1.9,12.6,0.505,12.5,9.1,6.2,4.3,0.146,,14.3,,,,,,,,,
130,Jordan Crawford,Overall,29.3,12.4,0.455,4,1.7,4.4,2.6,3.3,1,1.2,0.2,2.2,15.5,0.523,7.9,19.5,5.1,3,0.172,,14.1,,,,,,,,,
131,Mark Hendrickson,Washington State,33.1,8.6,0.567,4.4,0.4,1.1,3.7,5.1,1.842602041,0.8,0.3,2.2,13.9,0.592,11.93196481,15.44281525,2.8,1,0.043,,10.6,,,,,,,,,
132,Tony Delk,Kentucky,23.7,10.8,0.474,3,2.1,5.4,1.8,2.6,1.842602041,1.5,0.3,1.5,14.2,0.572,11.93196481,15.44281525,4,2.4,0.082,,13.7,,,,,,,,,
133,Terrence Jones,Kentucky,30.4,10.8,0.467,4.5,0.6,1.7,3.4,5.3,2.5,1.2,1.8,1.8,14,0.493,15.1,9.5,6.2,5.5,0.204,,17.1,,,,,,,,,
134,Dajuan Wagner,Memphis,31.8,18,0.41,5.5,1.8,5.8,4.6,6.4,0.5,1.2,0.6,2.9,21.2,0.461,11.93196481,15.44281525,1.7,2.4,0.143,,9.9,,,,,,,,,
135,Eddie House,Arizona State,33.4,14.5,0.425,4.1,2,5.5,2.2,2.7,1.842602041,2.1,0.2,2.1,16.5,0.495,11.93196481,15.44281525,6.7,5,0.113,,13.2,,,,,,,,,
136,Jeremy Lamb,UConn,32.1,11,0.482,3.8,1.6,4.5,1.9,2.4,1.1,1,0.6,1.6,14.1,0.553,8.2,11.2,6.9,2.9,0.164,,15.8,,,,,,,,,
137,Lance Stephenson,Cincinnati,28.2,10.8,0.44,4.3,0.5,2.1,2.3,3.5,1.9,0.9,0.2,2.4,12.3,0.462,10.6,19.1,1.4,1.3,0.116,,12.1,,,,,,,,,
138,Earl Clark,Louisville,26.7,8.6,0.467,3.5,0.5,1.8,2,3.2,2.1,0.9,1.2,2.1,10.6,0.498,16.1,9.7,3.6,9.8,0.193,,10.2,,,,,,,,,
139,Michael Ruffin,Tulsa,28,5.9,0.53,3.1,0,0.1,3.2,5.6,1.842602041,1.2,2.1,2.2,9.4,0.53,11.93196481,15.44281525,5.9,14.3,0.241,,8.5,,,,,,,,,
140,Earl Watson,UCLA,34.5,8.9,0.45,3,1,3,2.2,3.3,1.3,1.8,0.4,3.5,11.2,0.508,11.93196481,15.44281525,5.8,6.2,0.131,,12.1,,,,,,,,,
141,Jared Sullinger,Ohio State,31,11.5,0.53,5.8,0.3,0.7,4.9,6.7,3.3,1.1,0.8,1.8,17.3,0.541,19.5,8,10.3,5.9,0.282,,16.2,,,,,,,,,
142,Ryan Anderson,California,33,13.1,0.484,4.5,1.8,4.7,4.2,5,2.7,0.5,0.5,1.8,18.7,0.554,17.9,9.7,7.5,2.7,0.188,,16.5,,,,,,,,,
143,Jarrett Jack,Georgia Tech,32.3,8.4,0.478,3.1,0.9,2.6,3.6,4.5,0.4,1.8,0.1,3.3,12.5,0.532,7.6,26.2,8.1,6.1,0.175,,14.1,,,,,,,,,
144,Bobby Simmons,DePaul,31.6,10.1,0.428,3,1.3,3.9,3.6,4.6,2.6,1.3,0.2,2.5,13.6,0.493,11.93196481,15.44281525,5.9,5.2,0.151,,12.9,,,,,,,,,
145,Darrell Arthur,Kansas,21.9,8.7,0.541,4.7,0,0.2,1.8,2.7,2.2,0.7,1.4,1.6,11.3,0.543,13.6,4.7,4.1,6.5,0.247,,12.2,,,,,,,,,
146,Kenny Thomas,New Mexico,31.7,10.1,0.537,4.9,0.5,1.5,4.3,5.9,1.842602041,0.9,1.9,2.9,15.7,0.563,11.93196481,15.44281525,13.3,10,0.235,,13.9,,,,,,,,,
147,P.J. Tucker,Texas,28.9,9.6,0.526,5,0,0,3.3,4.7,3.1,1.3,0.3,2.2,13.4,0.528,15.7,13.8,6.1,7.6,0.218,,11,,,,,,,,,
148,Darius Songaila,Wake Forest,26.2,9.6,0.511,4.8,0.1,0.3,4.4,5.3,2.1,1.1,0.7,2.8,14.3,0.516,11.93196481,15.44281525,11.3,8,0.227,,13.3,,,,,,,,,
149,Josh Howard,Wake Forest,27.8,10.5,0.483,4.2,0.9,2.4,2.9,4,2.9,1.7,1.1,2.2,13.9,0.524,14,13.4,8.1,10.9,0.215,,16.7,,,,,,,,,
150,Mardy Collins,Temple,37.5,14.4,0.399,4.3,1.5,5,2.4,3.9,1.2,2.3,0.2,2,15.4,0.45,6.9,22.6,1.4,11.8,0.113,,7.9,,,,,,,,,
151,Vonteego Cummings,Pitt,32.3,12.7,0.423,4.1,1.3,3.9,3.3,4.7,1.842602041,2.3,0.3,3.2,15.3,0.474,11.93196481,15.44281525,5.1,5.4,0.127,,11.8,,,,,,,,,
152,Elfrid Payton,Louisiana,31.6,10.3,0.485,4.7,0.3,1.1,3.9,6.5,1.5,2,0.5,3.4,14.3,0.5,9.2,32,6.1,4.9,0.139,,15.2,,,,,,,,,
153,Allen Iverson,Georgetown,32.5,17.5,0.44,5.9,1.8,5.8,5.8,8.5,1.842602041,3.2,0.3,4.1,23,0.492,11.93196481,15.44281525,5.1,3.5,0.158,,20.9,,,,,,,,,
154,Josh Boone,UConn,25.9,6.4,0.578,3.7,0,0,1.9,3.4,3.1,0.5,2.2,1.3,9.3,0.578,13.4,4.6,5.1,9.1,0.213,,14.2,,,,,,,,,
155,Lavoy Allen,Temple,32.2,8.2,0.534,4.2,0.1,0.5,1.6,2.4,3,0.5,1.6,1.4,10.5,0.542,16.5,14.3,9.5,9.7,0.176,,12.5,,,,,,,,,
156,Jason Williams,Overall,29.1,11,0.483,3.5,1.9,4.7,2.4,3,1.842602041,2.1,0.3,2.7,14.9,0.567,11.93196481,15.44281525,4.3,1.3,0.137,,14.2,,,,,,,,,
157,Rodney Buford,Creighton,30.1,14.7,0.447,4.8,1.8,4.7,2.9,3.9,1.842602041,1.7,0.5,2,17.9,0.508,11.93196481,15.44281525,9,7.4,0.2,,10,,,,,,,,,
158,Shawne Williams,Memphis,27.8,10.4,0.416,3,1.3,4.3,3.2,4,1.7,1.4,1.4,2.3,13.2,0.48,11.93196481,15.44281525,1.7,3.7,0.213,,12.5,,,,,,,,,
159,Eric Maynor,VCU,30.7,11.2,0.449,3.9,1.1,3,3.9,4.9,0.5,1.3,0.2,2.4,15,0.498,6.4,36.3,9.8,7.9,0.177,,10.6,,,,,,,,,
160,Stephon Marbury,Georgia Tech,37.4,14.3,0.457,4.1,2.4,6.6,3.4,4.6,1.842602041,1.8,0.1,3.2,18.9,0.543,11.93196481,15.44281525,3.5,0.8,0.127,,18.7,,,,,,,,,
161,DeAndre Jordan,Texas A&M,20.1,5.2,0.617,3.2,0,0,1.5,3.4,1.9,0.2,1.3,1.6,7.9,0.617,11.93196481,15.44281525,1.6,2.8,0.249,,18.5,,,,,,,,,
162,Jonny Flynn,Syracuse,36.5,12.2,0.46,4.2,1.4,4.2,4,5.1,0.6,1.5,0.2,3.1,16.6,0.516,4.1,26.8,5.9,2.7,0.129,,11.3,,,,,,,,,
163,Joe Johnson,Arkansas,30.3,12.2,0.466,4.5,1.2,2.9,2.4,3.2,2.2,1.7,0.5,2.5,15,0.515,11.93196481,15.44281525,3.3,4,0.182,,15.4,,,,,,,,,
164,Antoine Wright,Texas A&M,32.1,13,0.412,3.3,2.1,5.5,2.6,4,1.4,1.1,0.6,2.3,15.4,0.492,7.8,16.4,3.8,4.6,0.121,,7.9,,,,,,,,,
165,Steven Hunter,DePaul,24.6,6.8,0.586,4,0,0,1.9,3.2,2.2,0.2,2,1.6,9.9,0.586,11.93196481,15.44281525,3.8,4,0.203,,13,,,,,,,,,
166,Michael Doleac,Utah,22.2,7.8,0.491,3.7,0.2,0.4,3.5,4.5,1.842602041,0.5,0.9,1.5,11.4,0.501,11.93196481,15.44281525,7.9,7.5,0.168,,10.8,,,,,,,,,
167,Greg Monroe,Georgetown,32.6,9.8,0.543,5.2,0.1,0.5,3.7,5.5,2.1,1.5,1.5,2.9,14.5,0.55,15.5,20.7,6,4.5,0.198,,20,,,,,,,,,
168,Michael Beasley,Kansas State,31.5,17.5,0.532,8.2,1.1,2.9,6.5,8.5,4,1.3,1.6,2.9,26.2,0.563,21.3,9.3,5.4,5.4,0.413,,15.7,,,,,,,,,
169,Kirk Snyder,Nevada,30.8,13.3,0.426,4.4,1.3,4.1,4.1,6,2.3,0.9,0.8,3.1,16.7,0.473,8.9,12.2,3.9,6,0.153,,12.4,,,,,,,,,
170,Vince Carter,UNC,23,8.5,0.547,3.7,1,2.6,2,2.8,1.842602041,1.1,0.8,1.3,12.3,0.603,11.93196481,15.44281525,9,5.8,0.199,,18.9,,,,,,,,,
171,Ekpe Udoh,Overall,27.2,7,0.472,3.2,0.1,0.4,1.6,2.5,2.5,0.8,2.8,1.5,8.4,0.481,13.4,10.9,3.7,7.1,0.154,,11.7,,,,,,,,,
172,Courtney Lee,Western Kentucky,31.2,13.6,0.464,4.4,1.9,4.8,3.1,3.7,1.7,1.9,0.6,2.5,17.6,0.535,10.4,15.1,11.1,7.5,0.189,,12.2,,,,,,,,,
173,Linas Kleiza,Missouri,28.7,11.3,0.413,3.9,0.8,2.8,4.3,6.1,2.5,0.6,0.3,2.4,14.4,0.448,14.1,13.3,1.8,2,0.109,,12.4,,,,,,,,,
174,Stromile Swift,LSU,26.6,9,0.56,4.9,0.2,0.7,3.1,5.1,1.842602041,1.3,2.6,2.5,13.4,0.569,11.93196481,15.44281525,4.1,5.1,0.275,,16.1,,,,,,,,,
175,Spencer Dinwiddie,Colorado,30.1,8,0.42,2,1.3,3.5,4.9,5.9,0.5,1.1,0.3,1.8,13,0.504,6.7,18.9,8.4,3.9,0.19,,15,,,,,,,,,
176,Chris Mihm,Texas,31.4,10.4,0.497,5.1,0.1,0.3,4.2,6.1,1.842602041,0.4,2.8,2.4,14.6,0.501,11.93196481,15.44281525,6.3,9.3,0.251,,13.4,,,,,,,,,
177,Rodney Stuckey,Eastern Washington,33.1,17.1,0.472,6.4,1.7,5.2,6.5,8.1,1.1,2.3,0.3,3.5,24.4,0.52,8.9,30.7,7.2,1.1,0.17,,14.9,,,,,,,,,
178,Gilbert Arenas,Arizona,30.5,12.1,0.466,4.1,1.5,4.2,3,4,0.8,1.9,0.2,2.7,15.8,0.53,11.93196481,15.44281525,5.4,4.3,0.183,,19.6,,,,,,,,,
179,Josh Childress,Stanford,28.6,10.2,0.438,3.3,1.2,3.6,2.2,2.8,1.9,0.9,1.1,1.7,12.3,0.497,13.4,12.8,3.9,7.2,0.182,,15.6,,,,,,,,,
180,Mike Miller,Florida,26.7,9.2,0.483,3.3,1.2,3.5,3.1,4.4,1.842602041,1.2,0.3,2.2,13.3,0.547,11.93196481,15.44281525,5,3.4,0.194,,14.3,,,,,,,,,
181,Deron Williams,Illinois,31.7,9.4,0.422,2.3,1.6,4.3,1.5,2.1,0.4,1.1,0.2,2.4,11,0.508,6.3,33.5,4.4,6.3,0.133,,18.2,,,,,,,,,
183,Johnny O'Bryant III,LSU,27.1,10.5,0.467,4.8,0.1,0.3,2.8,4.6,3,0.5,0.8,2.9,12.7,0.47,16,10.2,1.9,3.9,0.094,,8,,,,,,,,,
184,Joey Graham,Overall,26.1,8.8,0.527,4.1,0.6,1.5,3.1,3.9,1.6,0.8,0.3,2.2,13,0.559,12.8,13.5,11,5.1,0.193,,11,,,,,,,,,
185,Sean May,UNC,27.8,11.2,0.513,5.7,0,0.1,4.3,6,3.5,1.3,1.2,2.4,15.8,0.513,19.7,10.1,5.2,7,0.229,,14.9,,,,,,,,,
186,Kirk Hinrich,Kansas,29.7,8.8,0.493,2.7,1.7,3.9,2,2.6,0.9,1.5,0.4,2.7,12.4,0.587,5.6,25.3,11.5,8.5,0.191,,12.8,,,,,,,,,
187,Rafael Araujo,BYU,27.4,10.4,0.567,5.7,0.2,0.7,3.1,4.5,2.9,1.4,0.6,2.9,15.1,0.575,21.7,11,6.1,4.6,0.251,,6.3,,,,,,,,,
188,Emeka Okafor,UConn,31.8,9.7,0.59,5.7,0,0,2.4,4.3,3.4,0.9,4.3,2,13.8,0.59,17.5,4.6,8.2,14.1,0.272,,17,,,,,,,,,
189,Jae Crowder,Marquette,30.2,10.6,0.492,3.8,1.4,4.1,2.7,4,2.1,1.9,0.9,1,14.6,0.56,14.5,12.5,7.8,4.8,0.233,,13,,,,,,,,,
190,Ryan Kelly,Duke,19.3,5.4,0.46,1.7,0.8,2.1,1.7,2.2,1.1,0.6,1.1,0.8,7.5,0.535,11.1,9,7.2,4.5,0.191,,10.5,,,,,,,,,
191,Luther Head,Illinois,25.4,7.5,0.473,1.9,1.6,4.3,1.4,1.9,0.7,1.2,0.2,1.5,10.1,0.582,7.6,18.7,8.8,6.3,0.186,,12.3,,,,,,,,,
192,Jeff Pendergraph,Arizona State,30.2,8.4,0.58,4.8,0,0.1,2.9,3.8,2.7,0.5,1,1.8,12.6,0.58,16.1,6.7,12,7.2,0.201,,12.4,,,,,,,,,
193,Kemba Walker,UConn,32.9,12.2,0.428,4.1,1.1,3.5,4.5,5.8,1,1.7,0.3,2.3,16.1,0.475,7.3,26.6,11.5,6.4,0.196,,19.2,,,,,,,,,
194,Terrence Ross,Washington,24.4,10.1,0.453,2.9,1.7,4.6,1.4,1.8,1.1,0.9,0.7,1.4,12.3,0.536,10.6,9.4,4.7,2.7,0.176,,12.4,,,,,,,,,
195,Austin Rivers,Duke,33.2,11.8,0.433,3.4,1.7,4.7,3.6,5.4,0.6,1,0,2.3,15.5,0.505,6,13,2.4,1,0.124,,10.2,,,,,,,,,
196,Markel Brown,Oklahoma State,30.5,9.4,0.439,3,1.1,3.1,3,4.1,0.8,1,0.8,1.8,12.4,0.497,8.4,16.2,8,6.3,0.14,,10.1,,,,,,,,,
197,Jodie Meeks,Kentucky,27.7,10.9,0.436,2.6,2.2,5.7,3.7,4.1,0.7,1.1,0.1,1.8,15.4,0.536,6,11.9,7.8,2.1,0.176,,12.8,,,,,,,,,
198,Bryce Drew,Valparaiso,35.1,12.8,0.449,2.7,3,6.9,3.2,3.8,1.842602041,1.5,0.1,2.6,17.7,0.567,11.93196481,15.44281525,12.1,3.9,0.138,,9.6,,,,,,,,,
199,Kyle Lowry,Villanova,26.7,7.1,0.449,2.9,0.2,0.7,2.9,4,1.4,1.9,0.2,1.9,9.5,0.465,8.3,25.9,2.1,4.4,0.171,,18.5,,,,,,,,,
200,Tyronn Lue,Nebraska,32.6,12.7,0.446,4.2,1.5,4.1,3.2,4,1.842602041,1.6,0.1,3.3,15.9,0.504,11.93196481,15.44281525,7.2,3.4,0.105,,13.2,,,,,,,,,
201,Jamie Feick,Michigan State,22.8,5,0.502,2.3,0.2,0.6,1.4,2.4,1.842602041,0.6,0.4,1.3,6.6,0.521,11.93196481,15.44281525,0.9,2.1,0.048,,12.4,,,,,,,,,
202,Marcus Banks,UNLV,34.3,12.2,0.495,5,1,3.1,5,6.8,0.8,2.5,0.2,3.6,18.1,0.537,5.7,26.1,6.4,2.4,0.164,,12.2,,,,,,,,,
203,Steven Adams,Pitt,23.4,5.5,0.571,3.1,0,0,1,2.2,2.8,0.7,2,1.1,7.2,0.571,18,5.4,1.6,1.9,0.185,,16.7,,,,,,,,,
204,Norris Cole,Cleveland State,29.4,11.1,0.435,3.8,1,3.1,3.5,4.2,0.6,1.5,0.1,2,14.1,0.48,6.4,26,10.5,6.4,0.165,,9.2,,,,,,,,,
205,Gordon Hayward,Butler,33.1,9.2,0.47,2.6,1.7,4.6,4.1,4.9,1.7,1.3,0.9,2,14.4,0.562,14.1,12.9,7.9,6.3,0.249,,17.5,,,,,,,,,
206,Chris Wilcox,Maryland,16.6,6.2,0.52,3.2,0,0,1.5,2.6,1.8,0.5,1,1,7.9,0.52,15.1,11.1,1.9,3.6,0.19,,15.5,,,,,,,,,
207,Steve Nash,Santa Clara,30.1,10.9,0.43,2.3,2.3,5.8,3.3,3.8,1.842602041,1.3,0.1,3.1,14.9,0.537,11.93196481,15.44281525,2.8,1.6,0.052,,20,,,,,,,,,
208,Jason Maxiell,Cincinnati,27.6,8.6,0.507,4.3,0,0.1,3.4,5.2,2.8,0.7,1.9,1.5,12.1,0.508,13.2,7.4,6.7,15.7,0.251,,13,,,,,,,,,
209,Jason Richardson,Michigan State,21.7,7.4,0.503,2.9,0.8,2.1,1.4,2.1,1.8,0.8,0.5,1.1,9.6,0.558,11.93196481,15.44281525,3.7,5,0.229,,16.3,,,,,,,,,
210,Daequan Cook,Ohio State,19.7,8.1,0.445,2.2,1.4,3.3,1.2,1.7,0.7,0.7,0.3,1.4,9.8,0.53,11.93196481,15.44281525,1.6,1.9,0.18,,9.1,,,,,,,,,
211,Terence Morris,Maryland,29.8,9.6,0.495,4,0.7,2.2,2.5,3.2,2.5,1.2,1.9,2.2,12.7,0.534,11.93196481,15.44281525,9.1,12,0.238,,9.9,,,,,,,,,
212,Mike Dunleavy,Duke,28.8,10.1,0.475,3.1,1.7,4.6,1.9,2.7,1.5,1.6,0.5,1.9,13.2,0.56,11.93196481,15.44281525,7,7.9,0.198,,13.9,,,,,,,,,
213,Jeff McInnis,UNC,25.6,8.8,0.459,2.7,1.4,3.5,1.8,2.6,1.842602041,1.1,0,2,11.3,0.538,5.8,26.1,2.4,0.9,0.051,,12.6,,,,,,,,,
214,Dante Cunningham,Villanova,27.2,7.1,0.524,3.7,0,0,2.2,3.2,2.5,1.2,0.8,1.8,9.6,0.524,12,6.6,6.2,10.5,0.177,,11.1,,,,,,,,,
215,P.J. Hairston,UNC,18.1,8,0.388,1.3,1.8,5.1,2,2.5,1.3,0.8,0.3,0.9,10,0.5,9.7,10.5,4.3,2,0.195,,7.6,,,,,,,,,
216,Jon Brockman,Washington,28.7,10.3,0.534,5.5,0,0,2.8,4.6,3.7,0.8,0.1,2.1,13.8,0.534,18.1,6.4,7.5,8.7,0.172,,10.3,,,,,,,,,
217,Luol Deng,Duke,31.1,11.9,0.476,4.6,1.1,3,2.6,3.7,2.2,1.3,1.1,2.2,15.1,0.522,12.6,11.8,2.4,3.2,0.195,,15.4,,,,,,,,,
218,Reggie Bullock,UNC,24.6,8.2,0.439,1.7,1.9,4.9,0.9,1.2,1.6,0.9,0.2,0.9,9.9,0.555,10.8,12.1,6.8,4,0.176,,11.2,,,,,,,,,
219,Reggie Jackson,Boston College,28,9.9,0.465,3.4,1.2,3.5,2.3,3,1.4,0.8,0.5,2.1,12.7,0.527,9.2,26.8,7.9,2.9,0.156,,16.1,,,,,,,,,
220,Robert Sacre,Gonzaga,21.7,6,0.504,3,0,0,3.3,4.5,1.8,0.5,1.4,1.6,9.3,0.504,13.7,6.1,7.1,5.9,0.176,,10.8,,,,,,,,,
221,Mike Bibby,Arizona,32.3,11.4,0.456,3.1,2.1,5.3,2.9,3.9,1.842602041,2.3,0.2,2.6,15.4,0.548,11.93196481,15.44281525,5.7,4.4,0.181,,16.1,,,,,,,,,
222,Mateen Cleaves,Michigan State,29.6,10.8,0.406,3.2,1.2,3.7,2.6,3.5,1.842602041,1.6,0.1,3.8,12.5,0.459,11.93196481,15.44281525,4.7,8.2,0.128,,8.5,,,,,,,,,
223,Willie Green,Detroit,30,11.4,0.461,4.3,1,2.8,2.9,3.8,1.1,0.9,0.3,2,14.3,0.503,8.4,15.7,7.8,6,0.149,,11,,,,,,,,,
224,Jared Jeffries,Indiana,32.6,11.2,0.45,4.5,0.6,1.7,3.8,5.8,2.4,1.2,1.3,2.9,14.4,0.475,11.93196481,15.44281525,3,6,0.156,,9.6,,,,,,,,,
225,Greivis Vasquez,Maryland,33.6,13,0.425,3.8,1.7,5.1,3.2,3.9,1,1.4,0.3,3.3,16,0.49,7.6,32.7,9.5,7.9,0.153,,13.7,,,,,,,,,
226,Shandon Anderson,Georgia,26.8,9.9,0.498,4.5,0.4,1.4,2.6,4.1,1.842602041,1.8,0.3,2.9,12.9,0.518,11.93196481,15.44281525,2.7,2.3,0.063,,11.7,,,,,,,,,
227,Jamal Crawford,Michigan,33.9,15,0.412,4.2,1.9,5.9,2.4,3,1.842602041,1.1,0.9,3.1,16.6,0.476,11.93196481,15.44281525,0.7,0.2,0.065,,15.1,,,,,,,,,
228,Paul Millsap,Louisiana Tech,35.2,12.4,0.577,7.1,0.1,0.2,4.2,6.8,5.5,1.3,2,2.4,18.6,0.579,19.3,5.6,10.9,13.7,0.304,,19.1,,,,,,,,,
229,Maurice Taylor,Michigan,28.5,10.8,0.497,5.3,0.1,0.2,2.1,3.2,1.842602041,0.6,0.9,2,12.9,0.499,11.93196481,15.44281525,3.5,4.7,0.117,,13.1,,,,,,,,,
230,Chris Douglas-Roberts,Memphis,26.1,9.4,0.54,4.4,0.7,1.8,3.3,4.6,1.2,1,0.4,2,14.2,0.575,7.4,13.2,10,7.4,0.245,,11.5,,,,,,,,,
231,DeAndre Liggins,Kentucky,21.9,4.8,0.407,1.3,0.6,1.9,1.3,2,0.5,0.9,0.5,1.5,5.8,0.472,7.6,17,2.5,3.8,0.114,,7.3,,,,,,,,,
232,Michael Kidd-Gilchrist,Kentucky,31.1,8.2,0.491,3.7,0.3,1.3,3.6,4.8,2.6,1,0.9,2.2,11.9,0.511,14,10.8,3.4,2.6,0.192,,13.7,,,,,,,,,
233,Ryan Hollins,UCLA,20.2,3.5,0.575,2,0,0,1.7,2.9,1.6,0.2,0.9,1.4,5.7,0.577,12.9,3,4,4,0.139,,11,,,,,,,,,
234,Quincy Pondexter,Washington,27.3,9.5,0.503,4.4,0.4,1.2,3.1,4.1,2.4,0.8,0.3,1.9,13.1,0.524,11.6,11.5,9.7,6.7,0.176,,9.8,,,,,,,,,
235,Gerald Henderson,Duke,25.3,9.7,0.458,3.8,0.7,2,2.7,3.9,1.2,1,0.7,1.9,12.3,0.493,9.5,14.5,4.3,6.7,0.17,,13.4,,,,,,,,,
236,Klay Thompson,Washington State,34.4,14.4,0.424,3.6,2.5,6.3,3.2,3.9,0.9,1.3,0.8,2.9,17.9,0.509,8.7,20.3,7.9,5.5,0.159,,16.4,,,,,,,,,
237,Evan Turner,Ohio State,32.8,10.6,0.502,4.8,0.5,1.5,3.8,5,1.5,1.6,0.7,3.5,15,0.527,14.1,31.4,9.3,6.8,0.194,,12,,,,,,,,,
238,Kyrie Irving,Duke,27.5,9.5,0.529,3.4,1.6,3.5,5.8,6.5,0.5,1.5,0.5,2.5,17.5,0.615,6.7,29.8,1.8,0.6,0.32,,22.1,,,,,,,,,
239,Nikola Vucevic,USC,27.7,8.3,0.509,3.8,0.4,1.4,2.2,2.9,2.4,0.5,1.1,1.5,11.1,0.535,17.7,10.1,6.5,5.5,0.199,,20.2,,,,,,,,,
241,Carlos Boozer,Duke,25.9,8.7,0.631,5.5,0,0,3.9,5.3,2.7,1,0.7,1.6,14.9,0.631,11.93196481,15.44281525,11.4,7.6,0.29,,19.5,,,,,,,,,
242,Jeremy Evans,Western Kentucky,23.5,5,0.639,3.1,0.1,0.2,1.5,2.2,2.4,0.6,1.7,1,7.9,0.648,14.4,4.3,9,8.8,0.226,,17.3,,,,,,,,,
243,Brandon Bass,LSU,34.2,9.5,0.54,4.8,0.3,0.8,4.6,5.8,2.6,0.8,1.8,1.8,15.1,0.555,16.1,5.5,6.2,3.9,0.198,,15.3,,,,,,,,,
244,Jason Hart,Syracuse,33.9,10.1,0.393,2.9,1.1,3.2,2.4,3.3,1.842602041,2.5,0.1,3.2,11.4,0.445,11.93196481,15.44281525,3.1,8.5,0.118,,12.2,,,,,,,,,
245,Sonny Weems,Arkansas,31.2,11,0.473,3.8,1.3,3.7,1.6,2.1,1.6,1.3,0.3,2.7,13.3,0.534,8.7,15.7,4.2,3.2,0.138,,10.1,,,,,,,,,
246,Noah Vonleh,Indiana,26.5,7.2,0.523,3.2,0.5,1.1,3.2,4.5,2.4,0.9,1.4,2.1,11.3,0.56,19.4,4.9,1.6,2,0.182,,11.8,,,,,,,,,
247,E'Twaun Moore,Purdue,32.3,12.7,0.44,3.8,1.7,4.6,2.4,3.3,1.1,1.2,0.4,2.1,15.3,0.508,8,20.2,9.9,9.4,0.171,,11.4,,,,,,,,,
248,Antoine Walker,Kentucky,21,10.4,0.449,4.3,0.4,1.5,1.9,2.9,1.842602041,1.3,0.5,2.1,11.7,0.467,11.93196481,15.44281525,0.9,3.8,0.131,,16,,,,,,,,,
249,Corey Benjamin,Oregon State,26.1,13,0.491,5,1.3,4.4,3.4,4.9,1.842602041,1.5,0.6,3.4,17.5,0.543,11.93196481,15.44281525,4.6,1.6,0.096,,8.9,,,,,,,,,
250,Kosta Koufos,Ohio State,27.1,11.8,0.508,5.4,0.6,1.7,1.8,2.7,2.6,0.4,1.8,1.5,14.4,0.533,11.93196481,15.44281525,2.3,2.9,0.211,,15.5,,,,,,,,,
251,Tim Hardaway,Michigan,33.3,11.6,0.425,3,1.9,5.5,2.6,3.6,0.6,0.7,0.3,1.7,14.3,0.507,7.9,13.1,8,4.3,0.138,,13.5,,,,,,,,,
252,Derrick Williams,Arizona,29.2,9.6,0.586,5,0.7,1.3,5.9,8.2,2.5,0.8,0.7,2.3,17.8,0.621,16.1,7.7,9.2,3,0.242,,13.4,,,,,,,,,
253,Tariq Abdul-Wahad,Overall,23.4,10.4,0.477,4.4,0.6,1.7,3.2,4.4,1.842602041,1,0.6,2.2,13.6,0.504,11.93196481,15.44281525,4.8,2.6,0.144,,11.4,,,,,,,,,
254,Brook Lopez,Stanford,28,12.7,0.48,6.1,0.1,0.4,3.7,4.9,2.3,0.5,1.9,2.1,16,0.482,14.6,9.7,2.9,5,0.213,,20,,,,,,,,,
255,Steve Novak,Marquette,27,8.4,0.456,1,2.8,6.1,1.9,2.1,1,0.5,0.1,1.1,12.4,0.622,9.1,8,13.1,3.2,0.191,,12.7,,,,,,,,,
256,Robin Lopez,Stanford,24.3,6.9,0.511,3.5,0,0,1.9,3.1,2.6,0.3,2.3,1.6,9,0.512,13.3,6.6,2.2,6,0.201,,16.2,,,,,,,,,
257,Quincy Douby,Rutgers,32.1,14.1,0.432,3.5,2.6,6.8,2.9,3.6,0.7,1.3,0.7,2.2,17.8,0.526,5.7,21.5,8.7,4.6,0.175,,9.7,,,,,,,,,
258,Will Solomon,Clemson,29.1,12.7,0.392,2.7,2.3,6.2,3,4.1,0.6,1.2,0.4,3.4,15.2,0.482,11.93196481,15.44281525,4.5,2.8,0.107,,10.5,,,,,,,,,
259,Chris Kaman,Central Michigan,26.3,8.8,0.608,5.4,0,0,4.3,6,2.7,0.5,2.2,3.1,15.1,0.608,21.2,8.1,9.2,3.1,0.226,,14.9,,,,,,,,,
260,Sean Williams,Boston College,20.5,3.5,0.577,2,0,0,1.5,2.4,1.6,0.6,2.8,1.2,5.5,0.577,12.2,6.9,2.2,5.4,0.216,,12.4,,,,,,,,,
261,Lorenzen Wright,Memphis,34.8,11.5,0.551,6.3,0,0,3.4,5.3,1.842602041,1,2,2,16,0.551,11.93196481,15.44281525,2.7,3.7,0.116,,13.3,,,,,,,,,
262,Rodney Carney,Memphis,27.6,11.9,0.415,2.8,2.2,6,2.2,3.1,1.5,1,1,1.4,14.3,0.506,11.6,8.9,6.8,9.6,0.179,,11.9,,,,,,,,,
263,Felipe Lopez,St. John's (NY),34.5,14.2,0.415,4.6,1.3,4.4,3.9,5.9,1.842602041,1.2,0.6,3.3,16.9,0.461,11.93196481,15.44281525,2.8,4.5,0.052,,11.5,,,,,,,,,
264,Nate Wolters,South Dakota State,33.1,13.5,0.45,4.8,1.2,3.6,5.1,6.4,0.9,1.5,0.2,2.2,18.5,0.497,8.8,33.9,19.1,4.7,0.226,,11.3,,,,,,,,,
265,Matt Harpring,Georgia Tech,36,13.1,0.465,4.4,1.7,4.7,4.1,5.4,1.842602041,1.4,0.2,2.7,17.9,0.53,11.93196481,15.44281525,10,4.6,0.111,,15.3,,,,,,,,,
266,Joel Embiid,Kansas,23.1,6.1,0.626,3.8,0,0.2,3.5,5.1,2.3,0.9,2.6,2.4,11.2,0.629,20.5,11.5,1.8,1.7,0.213,,24.1,,,,,,,,,
267,Tim Duncan,Wake Forest,35.1,10.7,0.577,6,0.1,0.4,4.1,5.9,1.842602041,0.5,3.8,2.6,16.5,0.584,11.93196481,15.44281525,9.8,8.4,0.162,,24.2,,,,,,,,,
268,Ike Diogu,Arizona State,35.1,11.9,0.571,6.3,0.5,1.2,7.4,9.4,3.4,0.4,1.7,3.4,21.4,0.59,14.6,9.3,15,5.5,0.257,,15.6,,,,,,,,,
269,Trajan Langdon,Duke,28.9,10.1,0.451,2.1,2.5,5.9,2.8,3.3,1.842602041,0.9,0.2,1.5,14.5,0.575,4.8,11,11.5,5.1,0.16,,12.2,,,,,,,,,
270,Mark Madsen,Stanford,24.8,6.8,0.587,4,0,0,3,5,1.842602041,0.4,0.6,1.3,10.9,0.587,11.93196481,15.44281525,7.6,8.5,0.248,,8.1,,,,,,,,,
271,Darius Miller,Kentucky,24.9,6.5,0.448,1.8,1.2,3,1.2,1.5,1,0.8,0.7,1.4,8.2,0.537,7.3,13.2,8.1,5.9,0.147,,8.5,,,,,,,,,
272,Shammond Williams,UNC,20.2,7.6,0.455,1.7,1.7,4.3,2.2,2.6,1.842602041,0.7,0,1.8,10.8,0.57,11.93196481,15.44281525,9.9,3.5,0.14,,13.3,,,,,,,,,
273,Brandon Roy,Washington,27.5,10.1,0.512,4.7,0.5,1.5,3.5,4.5,1.8,1,0.5,2.1,14.3,0.537,10.5,20.1,7.8,5.5,0.188,,20,,,,,,,,,
274,CJ McCollum,Lehigh,32.9,15.7,0.439,5,2,5.2,5.5,6.7,1.5,2.1,0.5,2.4,21.3,0.501,11,20.1,13.9,6.6,0.224,,17.3,,,,,,,,,
275,Toney Douglas,Overall,34.2,12.9,0.442,3.8,1.8,4.9,3.6,4.4,0.8,1.8,0.3,2.6,16.8,0.513,5.8,19.3,10.6,4.7,0.137,,13.2,,,,,,,,,
276,Landry Fields,Stanford,23.6,8.4,0.463,3.1,0.8,2.3,2.3,3.3,1.6,0.9,0.4,1.5,10.8,0.511,12.6,15.4,6.4,5.4,0.155,,12.1,,,,,,,,,
277,Nazr Mohammed,Kentucky,12.8,6.4,0.553,3.6,0,0,1.5,2.6,1.842602041,0.8,1.4,1.4,8.7,0.553,11.93196481,15.44281525,3.9,7.9,0.299,,15,,,,,,,,,
278,Lonny Baxter,Maryland,24.4,9.3,0.553,5.1,0,0,3.1,5.2,2.5,0.9,1.6,1.6,13.5,0.554,14.6,5,9,10.9,0.236,,11.6,,,,,,,,,
279,Orien Greene,Overall,24.7,6.1,0.409,1.5,0.9,3,1.1,1.6,0.9,2,0.3,2.1,7,0.486,10.1,21.5,2.3,5.9,0.128,,6.1,,,,,,,,,
280,Danny Fortson,Cincinnati,26.9,11.6,0.565,6.6,0,0,5.7,7.7,1.842602041,0.9,0.4,2.6,18.8,0.565,18.8,10.7,10.3,5.9,0.239,,16.2,,,,,,,,,
281,Roshown McLeod,Overall,21.1,8.3,0.479,3.4,0.6,1.5,2.1,3,1.842602041,0.9,0.7,1.3,10.7,0.515,11.93196481,15.44281525,5.2,5.9,0.099,,10.1,,,,,,,,,
282,Donte Greene,Syracuse,35.8,14.9,0.418,3.7,2.6,7.5,2.7,3.8,1.7,1.3,1.6,2.6,17.7,0.505,10.8,10.6,1.9,2,0.124,,10,,,,,,,,,
283,Travis Diener,Marquette,31.4,10.2,0.416,1.9,2.4,5.7,3.2,3.8,0.5,1.3,0.1,1.9,14.1,0.532,6.1,38.6,10.6,5.4,0.17,,12.5,,,,,,,,,
284,Blake Griffin,Oklahoma,30.9,11.5,0.618,7.1,0,0.1,4.5,7.7,3.6,1.1,1,2.8,18.8,0.62,21.8,16.4,8.9,6.3,0.29,,22.3,,,,,,,,,
286,Kevin Martin,Western Carolina,31.8,15.5,0.462,4.9,2.2,6.4,6.8,8,0.9,1.7,0.4,2.9,23.3,0.533,7.9,10.2,11.2,2.6,0.218,,17.7,,,,,,,,,
287,Donnell Harvey,Florida,20.2,7.7,0.507,3.9,0,0,2.3,3.8,1.842602041,0.7,0.8,1.6,10.1,0.507,11.93196481,15.44281525,1.3,2.7,0.216,,12.5,,,,,,,,,
288,James Ennis,Long Beach State,31,9,0.493,3,1.5,4.1,2.8,3.6,1.6,1.7,1,2.5,13.2,0.574,10.4,15.6,5.6,3.3,0.172,,11.6,,,,,,,,,
289,Brian Cardinal,Purdue,28,8.1,0.461,2.8,1,2.7,3.5,4.6,1.842602041,2,0.3,1.9,12,0.521,11.93196481,15.44281525,9.4,7.6,0.184,,12.7,,,,,,,,,
290,Tyrus Thomas,LSU,25.9,7.8,0.608,4.7,0,0,2.8,4.3,2.8,1,3.1,1.8,12.3,0.61,19.7,10.4,2.9,4.3,0.351,,14.8,,,,,,,,,
291,Calvin Booth,Penn State,28.3,8.6,0.507,4.4,0,0.1,2.5,3.6,1.842602041,0.6,3.8,2.1,11.3,0.508,11.93196481,15.44281525,5.8,7.8,0.174,,12.4,,,,,,,,,
292,LaMarcus Aldridge,Texas,30.2,8.9,0.586,5.2,0,0,3,4.7,3.4,1.3,1.8,1.6,13.5,0.586,15.3,4.3,4.7,6.5,0.28,,20.8,,,,,,,,,
293,Doug McDermott,Creighton,31.5,14.3,0.55,6,1.9,4.1,4.1,4.9,1.9,0.2,0.1,2.2,21.7,0.616,14.8,10.4,21.6,5.2,0.235,,10.6,,,,,,,,,
294,Raymond Felton,UNC,33.9,9.7,0.423,2.4,1.7,4.6,2.6,3.5,0.7,1.9,0.3,3.6,12.5,0.512,6.7,35.1,5.6,5.7,0.132,,13.8,,,,,,,,,
295,Dahntay Jones,Overall,29.8,10.7,0.452,4,0.8,2.4,3.3,4.4,1.5,1,0.6,2.1,13.8,0.491,10,6,7,7,0.143,,9.5,,,,,,,,,
296,Shawn Marion,UNLV,32.9,14.4,0.529,6.9,0.7,2.3,2.8,3.8,1.842602041,2.5,1.9,1.4,18.7,0.553,11.93196481,15.44281525,3,3,0.253,,18.8,,,,,,,,,
297,Victor Oladipo,Indiana,24.6,7.3,0.538,3.4,0.5,1.4,2.5,3.5,2,1.5,0.5,2,10.7,0.57,13.1,13.9,7.8,4.9,0.198,,16.8,,,,,,,,,
298,Allen Crabbe,California,34.7,12.2,0.446,3.3,2.1,5.6,2.7,3.3,0.9,0.9,0.6,1.9,15.7,0.533,10,13.6,8.6,4.9,0.159,,11.2,,,,,,,,,
299,Michael Dickerson,Arizona,24.1,11.2,0.458,4,1.2,3.2,2.3,3.2,1.842602041,0.8,0.2,1.9,13.8,0.51,11.93196481,15.44281525,5.7,4.1,0.126,,13.4,,,,,,,,,
300,Wally Szczerbiak,Miami (OH),28.5,12.5,0.512,4.4,1.9,4.5,2.9,3.5,1.842602041,0.8,0.8,2.2,17.6,0.59,11.93196481,15.44281525,14.5,8.2,0.278,,16,,,,,,,,,
301,Jimmy Butler,Marquette,29.6,7.2,0.508,3.3,0.3,0.9,4.3,5.6,2.3,1.1,0.5,1,12,0.531,11.1,11.2,11.2,4.7,0.203,,20,,,,,,,,,
303,Eddie Griffin,Seton Hall,32.6,16,0.429,5.5,1.4,4.3,2.7,3.6,3.1,0.9,4.4,2.2,17.8,0.472,11.93196481,15.44281525,1,3.6,0.189,,14.3,,,,,,,,,
304,Damian Lillard,Weber State,32.3,12.6,0.446,3.3,2.4,6.1,5,5.8,0.4,1.2,0.2,2.4,18.6,0.54,8.1,24.3,14.2,3.4,0.209,,21.4,,,,,,,,,
305,Tony Snell,New Mexico,24.8,7.1,0.421,1.4,1.6,4.2,1.6,1.9,0.4,0.5,0.3,1.5,9.2,0.533,5.9,18.1,5.1,3.8,0.138,,9,,,,,,,,,
306,Byron Mullens,Ohio State,20.3,5.7,0.638,3.6,0,0,1.6,2.8,1.7,0.5,1.1,1.5,8.8,0.638,14.6,3.3,2.3,1,0.198,,12.2,,,,,,,,,
307,Larry Sanders,VCU,23.5,7.9,0.52,4.1,0,0.2,2.1,3.6,2.5,0.6,2.7,1.5,10.3,0.523,18.6,5.5,4.7,10,0.246,,15.4,,,,,,,,,
308,Obinna Ekezie,Maryland,22.5,6.9,0.488,3.4,0,0,3,4.6,1.842602041,0.6,1.1,1.1,9.9,0.488,11.93196481,15.44281525,4.4,7.3,0.169,,11.2,,,,,,,,,
309,Isaiah Thomas,Washington,30.4,12.4,0.426,3.7,1.6,4.8,4.3,6,0.7,1.2,0.1,2.7,16.4,0.489,6.5,26.2,8.5,4.7,0.165,,20.4,,,,,,,,,
310,George Hill,IUPUI,33.3,10.7,0.529,4.7,0.9,2.3,4.8,6.1,1.9,1.6,0.3,2.5,17,0.574,11,22.3,12,5.1,0.217,,14.9,,,,,,,,,
311,Draymond Green,Michigan State,25,8,0.467,3.1,0.6,1.7,2.3,3.4,2,1.2,0.8,1.9,10.5,0.506,18,24.6,9.6,9.6,0.212,,15.4,,,,,,,,,
312,Ben Gordon,UConn,31,12.7,0.44,3.2,2.3,5.5,3.5,4.4,0.8,1.2,0.2,2.8,16.9,0.531,6.6,24.7,9.6,6.1,0.191,,14.9,,,,,,,,,
313,Greg Buckner,Clemson,32.6,11,0.504,5.2,0.4,1.5,2.8,4.3,1.842602041,1.5,0.3,1.5,14.4,0.523,11.93196481,15.44281525,7,5.5,0.1,,10.7,,,,,,,,,
314,K.J. McDaniels,Clemson,24.3,8.6,0.45,3,0.9,2.8,2.4,3.2,1.8,0.9,1.9,1.5,11,0.501,12,9.6,5.6,5.1,0.186,,10.8,,,,,,,,,
315,Hilton Armstrong,UConn,15.1,3.1,0.563,1.7,0,0,1.2,2.1,1.3,0.3,1.5,1.2,4.7,0.565,13.2,5.7,3.1,6.9,0.203,,9.9,,,,,,,,,
316,Andre Drummond,UConn,28.4,8.6,0.538,4.6,0,0.1,0.8,2.6,3.4,0.8,2.7,1.5,10,0.538,15.6,3.4,1.4,1.5,0.121,,22,,,,,,,,,
317,John Wall,Kentucky,34.8,11.8,0.461,4.5,1,3.1,4.7,6.3,0.8,1.8,0.5,4,16.6,0.503,6.6,34.8,3.7,2.6,0.196,,19.4,,,,,,,,,
318,Jordan Clarkson,Overall,31.7,11.6,0.44,4.1,1,3.2,4.2,5.2,0.8,0.9,0.3,2.7,15.4,0.484,6.4,20.5,6.9,3.2,0.136,,15.3,,,,,,,,,
319,Hassan Whiteside,Marshall,26.1,9.4,0.524,4.8,0.1,0.1,3.2,5.5,2.7,0.6,5.4,1.9,13.1,0.528,18.3,2.2,2,2.5,0.2,,24,,,,,,,,,
320,Ruben Patterson,Cincinnati,23.3,10.6,0.515,4.9,0.6,2.1,3.3,5.4,1.842602041,1.1,0.4,2.2,14.8,0.542,11.93196481,15.44281525,3.7,3.5,0.237,,17.1,,,,,,,,,
321,Steve Blake,Maryland,31.3,6.8,0.401,1.4,1.3,3.5,1.5,2,0.7,1.7,0.3,3.3,8.3,0.499,6,36.5,5,8.4,0.124,,11.1,,,,,,,,,
322,Erick Dampier,Mississippi State,28.4,8.8,0.587,5.2,0,0,2.9,5.1,1.842602041,0.6,2.7,2.6,13.2,0.587,11.93196481,15.44281525,2.7,2.9,0.084,,14.3,,,,,,,,,
323,Mo Williams,Alabama,33.7,10.9,0.405,3,1.4,4.8,2.8,3.4,1,1.5,0.1,3,13.1,0.47,6.2,24.4,3,4.2,0.133,,15,,,,,,,,,
324,Samuel Dalembert,Seton Hall,21.4,5.5,0.537,3,0,0,1.2,2.2,1.7,0.4,2.8,2,7.1,0.537,11.93196481,15.44281525,1.6,4.3,0.189,,15.4,,,,,,,,,
325,Caron Butler,UConn,34.5,13.8,0.465,5.7,0.7,1.9,4.5,5.9,3.3,2.1,0.3,2.7,18,0.491,11.93196481,15.44281525,4.6,4.7,0.172,,15,,,,,,,,,
326,Jason Collins,Stanford,22.1,5.9,0.612,3.4,0.2,0.4,3.4,4.8,2.7,0.5,1.2,1.5,10.8,0.626,11.93196481,15.44281525,6.4,6.2,0.316,,9.4,,,,,,,,,
327,Archie Goodwin,Kentucky,31.8,10.8,0.44,4.2,0.5,1.9,4.1,6.4,1.5,1.1,0.5,3.1,14.1,0.464,8.5,16.8,1.6,1.5,0.117,,11.6,,,,,,,,,
328,Ron Mercer,Kentucky,26,11,0.483,4.4,0.9,2.8,1.8,2.2,1.842602041,1.3,0.2,1.4,13.3,0.526,11.93196481,15.44281525,4.5,4.7,0.187,,12.5,,,,,,,,,
329,Chris Singleton,Florida State,29.1,8.4,0.419,2.4,1.1,3.3,2.1,3.5,2,1.9,1.4,2.4,10.3,0.484,11.9,10.6,2.5,7.5,0.145,,8.2,,,,,,,,,
330,Marcus Smart,Oklahoma State,33.1,11.9,0.413,3.5,1.4,4.6,5.5,7.3,1.5,2.9,0.6,3,16.6,0.47,10.3,28.4,5.6,5.4,0.207,,11.7,,,,,,,,,
331,Antonio Daniels,Bowling Green State,33.3,11.4,0.515,5.1,0.8,1.9,3.6,4.8,1.842602041,1.5,0.3,2.8,16.1,0.549,11.93196481,15.44281525,7.5,3,0.114,,14.6,,,,,,,,,
332,Randy Livingston,LSU,29.9,9.2,0.392,2.9,0.7,2.9,2.5,3.4,1.842602041,2.3,0.2,4.2,10.4,0.431,11.93196481,15.44281525,-0.3,0.5,0.009,,10,,,,,,,,,
333,Markieff Morris,Kansas,19.3,5.7,0.553,2.8,0.3,0.9,1.9,2.9,2,0.6,0.9,1.6,8.5,0.583,17.7,10.9,5.5,5.5,0.208,,14.1,,,,,,,,,
334,Chris Bosh,Georgia Tech,31,9.7,0.56,4.7,0.7,1.5,4.1,5.6,3.1,1,2.2,2.3,15.6,0.597,11.93196481,15.44281525,3.5,2.9,0.267,,20.6,,,,,,,,,
335,Keon Clark,UNLV,28.1,10.4,0.554,5.5,0.3,0.7,3,4.7,1.842602041,0.6,3.5,2.6,14.8,0.567,11.93196481,15.44281525,3.5,4.8,0.31,,15.4,,,,,,,,,
336,Jared Dudley,Boston College,36.4,10.5,0.504,4.4,0.9,2.5,4.4,6,2.9,1.4,0.3,2.1,15.9,0.548,12.1,17.4,12.9,8.1,0.178,,12.7,,,,,,,,,
337,A.J. Price,UConn,29.4,10.5,0.413,2.7,1.6,4.4,2.7,3.7,0.8,1.1,0.1,2.4,13,0.489,5.8,28.2,4.4,5.9,0.142,,12.2,,,,,,,,,
338,David West,Xavier,33.4,10.8,0.531,5.6,0.1,0.4,5.3,6.9,3.2,1.4,1.8,2.5,16.9,0.538,16.3,10.7,13.7,18,0.301,,18.6,,,,,,,,,
339,Ronny Turiaf,Gonzaga,25.5,8.2,0.518,4.2,0,0.1,5.1,7.1,2.1,0.5,1.4,2.1,13.6,0.52,16.4,7.4,9.7,9,0.231,,13.8,,,,,,,,,
340,Paul Pierce,Kansas,28.1,12.4,0.481,5,1,2.8,3.4,4.9,1.842602041,1.4,0.9,2.8,16.4,0.521,11.93196481,15.44281525,8,9.6,0.233,,19.7,,,,,,,,,
341,Andre Roberson,Colorado,28.3,7.1,0.516,3.2,0.5,1.4,1.9,3.2,2.9,1.6,1.4,1.7,9.6,0.549,21,8.4,6.2,7.5,0.185,,9.8,,,,,,,,,
342,Xavier Henry,Kansas,27.5,9.8,0.458,2.6,1.9,4.6,2.5,3.2,1.2,1.5,0.5,1.9,13.4,0.555,8.6,9.8,2.8,2.1,0.197,,9.3,,,,,,,,,
343,O.J. Mayo,USC,36.8,16.2,0.442,4.5,2.7,6.5,3.7,4.6,1.1,1.5,0.4,3.5,20.7,0.524,7.4,21.4,3.4,1.8,0.172,,13.4,,,,,,,,,
344,Walter McCarty,Kentucky,20.5,6.6,0.515,2.7,0.7,1.8,1.6,2.4,1.842602041,0.9,1,1.8,9.2,0.569,11.93196481,15.44281525,2.6,3.8,0.12,,10.1,,,,,,,,,
345,Jabari Parker,Duke,30.7,14.3,0.473,5.7,1.1,3,4.6,6.1,3,1.1,1.2,2.3,19.1,0.511,17.1,8.6,3.6,1.9,0.205,,16.1,,,,,,,,,
346,Jamaal Tinsley,Iowa State,32.5,10.8,0.388,3.4,0.8,2.3,3.4,4.9,0.6,2.6,0.8,4,12.5,0.423,11.93196481,15.44281525,1.1,7.3,0.152,,13.6,,,,,,,,,
347,Mason Plumlee,Duke,25.9,6.5,0.574,3.7,0,0.1,2.4,4,2.4,0.8,1.4,2,9.8,0.575,17.3,11.1,8.3,8.2,0.181,,17.9,,,,,,,,,
348,Festus Ezeli,Vanderbilt,17.9,4.9,0.562,2.7,0,0,2.3,3.9,1.8,0.3,1.7,1.6,7.7,0.562,14.6,1.8,4.4,4.1,0.157,,13.4,,,,,,,,,
349,Paul George,Fresno State,33.9,11.4,0.447,3.1,1.9,4.9,3.4,4.2,1.9,2,0.9,2.7,15.5,0.532,11.5,16.8,5.3,3,0.155,,19.1,,,,,,,,,
350,Michael Carter-Williams,Syracuse,25.4,6.8,0.398,2.1,0.6,2.1,2.2,3.2,0.9,2,0.4,2.3,8.2,0.445,8.2,39.1,3.3,4,0.176,,13.7,,,,,,,,,
351,Luc Mbah a Moute,UCLA,29.5,6.8,0.503,3.2,0.2,0.9,1.7,2.5,2.6,1.3,0.6,1.8,8.7,0.516,15.5,9.6,4.1,10.6,0.186,,10.7,,,,,,,,,
352,Todd MacCulloch,Washington,22.8,9.2,0.664,6.1,0,0,2.9,4.5,1.842602041,0.6,1.2,1.4,15.2,0.664,11.93196481,15.44281525,14.5,5.1,0.296,,16.9,,,,,,,,,
353,Marcus Morris,Kansas,24,8.4,0.555,4.3,0.4,1.1,2.9,4.3,2.4,0.9,0.4,1.6,12.6,0.579,14.6,10.2,9.4,5.8,0.232,,13.3,,,,,,,,,
354,Aaron Brooks,Oregon,32.7,10.1,0.43,2.6,1.8,4.8,2.7,3.2,0.7,1.1,0.1,2.6,13.1,0.518,6.6,26.2,7.7,4.5,0.129,,13.3,,,,,,,,,
355,Cuttino Mobley,Rhode Island,27.6,11.5,0.438,3.4,1.6,4.4,2.8,3.4,1.842602041,1.5,0.4,1.9,14.3,0.506,11.93196481,15.44281525,5.5,3.1,0.072,,14.4,,,,,,,,,
356,Mark Blount,Pitt,20.5,5.2,0.466,2.4,0,0,1.6,3,1.842602041,0.5,1.9,2.3,6.4,0.467,11.93196481,15.44281525,0.5,4.1,0.162,,12.5,,,,,,,,,
357,Matt Barnes,UCLA,22.6,7.1,0.469,2.8,0.5,1.6,1.7,2.9,2.1,1,0.4,2,8.8,0.505,11.5,21.8,3.2,4.6,0.115,,12.7,,,,,,,,,
358,Julius Randle,Kentucky,30.8,9.8,0.501,4.8,0.1,0.5,5.1,7.2,3.5,0.5,0.8,2.5,15,0.505,19.2,10,3.5,2.4,0.191,,17.6,,,,,,,,,
359,Tyler Hansbrough,UNC,30.9,12.3,0.536,6.5,0.1,0.3,6.9,8.7,3.4,1.3,0.5,2.1,20.2,0.539,15.1,6.2,17.2,11.3,0.26,,14.8,,,,,,,,,
360,Brian Scalabrine,USC,33,11.2,0.513,5.2,0.5,1.5,3.7,4.8,2.1,1,0.9,3.4,15.7,0.535,11.93196481,15.44281525,8,5,0.171,,7.7,,,,,,,,,
361,Russell Westbrook,UCLA,21.9,6.6,0.464,2.6,0.5,1.3,1.7,2.4,0.9,1,0.1,1.6,8.3,0.499,7.1,24.4,2.3,3.9,0.15,,23.7,,,,,,,,,
362,Kevin Love,UCLA,29.6,10.4,0.559,5.1,0.7,2.1,5.1,6.6,3.6,0.7,1.4,2,17.5,0.595,22.1,14.1,5.6,5.7,0.391,,21.9,,,,,,,,,
363,Speedy Claxton,Hofstra,33.8,12.6,0.468,5.4,0.5,1.7,4.5,6.1,1.842602041,2.4,0.3,3,16.9,0.49,11.93196481,15.44281525,9.9,9.5,0.201,,14.5,,,,,,,,,
364,Ed Davis,UNC,22.2,6.3,0.548,3.4,0,0,2.3,3.7,2.4,0.4,2.1,1.4,9.2,0.548,17.9,5.7,2.6,4.6,0.212,,16.7,,,,,,,,,
365,Shareef Abdur-Rahim,California,34.7,14.2,0.518,7.1,0.3,0.8,6.1,8.9,1.842602041,1.9,1.3,3.1,21.1,0.528,11.93196481,15.44281525,3.1,2.3,0.221,,19,,,,,,,,,
366,Jeff Teague,Wake Forest,30.9,11.2,0.462,3.9,1.3,3,4.8,5.9,0.5,1.9,0.6,3,16.4,0.518,5,16.7,5.6,3.5,0.193,,17.1,,,,,,,,,
367,Cedric Henderson,Memphis,31.8,12,0.45,4.6,0.8,2.6,2.2,3.5,1.842602041,1.4,0.9,2.7,13.8,0.482,11.93196481,15.44281525,2.7,4.6,0.075,,9.2,,,,,,,,,
368,Brandon Rush,Kansas,31.3,10.9,0.449,3,1.9,4.3,1.8,2.5,1.5,0.7,0.8,2.1,13.6,0.535,9.8,11.3,6.8,8.1,0.174,,9.9,,,,,,,,,
369,Jeff Green,Georgetown,33.2,9.7,0.488,3.9,0.9,2.4,2.7,3.9,2.1,0.9,1.2,2.5,13.1,0.533,12.7,20.8,7.5,7.2,0.174,,13.2,,,,,,,,,
370,Kawhi Leonard,San Diego State,31.9,12,0.449,4.8,0.6,2.3,2.8,3.7,3.3,1.4,0.6,2.2,14.1,0.473,19,14.4,6.1,5.7,0.211,,22.6,,,,,,,,,
371,Roy Hibbert,Georgetown,23.3,7,0.603,4.2,0,0,2.4,3.5,2.3,0.4,1.9,1.5,10.9,0.605,16.2,13.1,11.7,10.3,0.278,,15.5,,,,,,,,,
372,Eric Gordon,Indiana,34.7,13.3,0.433,3.6,2.2,6.5,7.2,8.7,0.7,1.3,0.6,3.6,20.9,0.515,5.5,15.2,4.2,1.8,0.217,,14.5,,,,,,,,,
373,Marreese Speights,Florida,15.4,6.2,0.633,4,0,0,1.6,2.3,1.9,0.3,0.9,1.1,9.5,0.633,11.93196481,15.44281525,4.9,3.9,0.333,,16.7,,,,,,,,,
374,Gary Harris,Michigan State,31,11.4,0.44,2.9,2.1,5.6,2.7,3.5,1,1.6,0.3,1.6,14.9,0.533,6.3,13.5,6.2,3.6,0.183,,14,,,,,,,,,
375,Quincy Lewis,Minnesota,21.1,10.4,0.46,3.8,1,2.9,2.1,2.9,1.842602041,1.4,0.7,1.6,12.7,0.508,11.93196481,15.44281525,6.8,7.3,0.204,,6.7,,,,,,,,,
376,John Jenkins,Vanderbilt,30.6,11.2,0.468,2.1,3.1,7.1,3.3,3.8,0.4,0.7,0.3,1.3,16.9,0.607,5.2,8.2,12.5,3,0.206,,11.7,,,,,,,,,
377,Robert Traylor,Michigan,24.4,9.6,0.566,5.5,0,0,2.4,4.4,1.842602041,1.1,1.1,2.7,13.3,0.566,11.93196481,15.44281525,6.4,6.9,0.207,,14.5,,,,,,,,,
378,Jason Terry,Arizona,25.1,8.6,0.443,2.3,1.5,4,2.3,2.9,1.842602041,1.9,0.1,2.4,11.3,0.529,11.93196481,15.44281525,7.5,5.7,0.163,,16.2,,,,,,,,,
379,Jake Voskuhl,UConn,21.6,4.3,0.542,2.3,0,0,1.6,2.4,1.842602041,0.6,1.4,1.6,6.3,0.542,11.93196481,15.44281525,5,13.3,0.237,,10.8,,,,,,,,,
380,Thomas Robinson,Kansas,18.7,7.2,0.525,3.7,0.1,0.1,2.2,3.6,2.1,0.6,0.7,1.6,9.8,0.529,22.8,11,5.1,5.5,0.217,,14,,,,,,,,,
381,Jacque Vaughn,Kansas,30.2,6.6,0.459,2.2,0.8,2.2,2.7,3.7,1.842602041,1.3,0.1,2.8,9.6,0.522,11.93196481,15.44281525,3.8,4.1,0.083,,10.1,,,,,,,,,
382,Richard Jefferson,Arizona,26.3,8.1,0.49,3.3,0.7,1.9,2.5,3.5,1.7,0.6,0.8,2.7,11.2,0.534,11.93196481,15.44281525,5,4.8,0.177,,14.4,,,,,,,,,
383,Ray McCallum,Detroit,34.5,11.5,0.465,4.4,1,3.3,4.2,5.8,1.2,1.7,0.3,2.3,15.9,0.507,8.4,25.9,11.2,3.9,0.172,,11,,,,,,,,,
384,Anthony Randolph,LSU,32.8,12.7,0.464,5.8,0.1,0.6,3.7,5.4,2.8,1.1,2.3,3,15.6,0.467,14.2,8.5,1.1,2.3,0.136,,16.5,,,,,,,,,
385,Anthony Bennett,UNLV,27.1,10.8,0.533,4.7,1,2.7,3.5,5.1,2.5,0.7,1.2,1.9,16.1,0.58,17.1,8.8,3.5,2.2,0.238,,10.2,,,,,,,,,
386,Stephen Curry,Davidson,32.6,17.9,0.467,4.4,4,9.7,4.6,5.3,0.8,2.1,0.3,3,25.3,0.578,6.9,40.2,18,9.3,0.322,,23.8,,,,,,,,,
387,Jarron Collins,Stanford,24.5,5.5,0.52,2.8,0,0.1,2.6,3.9,2,0.6,0.4,1.3,8.4,0.523,11.93196481,15.44281525,5.7,7.8,0.203,,9.4,,,,,,,,,
388,Ben McLemore,Kansas,32.2,10.8,0.495,3.4,2,4.7,3.2,3.7,1.3,1,0.7,2.1,15.9,0.586,9.4,12.6,4.2,2.3,0.217,,9.3,,,,,,,,,
389,Daniel Gibson,Texas,33,10.5,0.411,1.8,2.6,6.6,2.5,3.4,0.8,1.5,0.3,2.4,13.8,0.533,6.1,20,4.9,4.4,0.165,,10.8,,,,,,,,,
390,Joel Przybilla,Minnesota,27.6,6.9,0.591,4.1,0,0,1.7,3.3,1.842602041,0.7,3.4,2.9,9.9,0.591,11.93196481,15.44281525,3,3.4,0.19,,12,,,,,,,,,
391,Troy Murphy,Notre Dame,35.1,14.6,0.496,6.6,0.7,2,6.2,8,3.1,1.2,1.3,3,21.4,0.52,11.93196481,15.44281525,11.5,4.5,0.193,,15.4,,,,,,,,,
392,Mike Sweetney,Georgetown,29,11.6,0.544,6.3,0,0,5.6,7.7,3.6,1.1,1.9,2.5,18.2,0.544,17,13.6,10.4,10.6,0.302,,15.1,,,,,,,,,
393,Luke Ridnour,Oregon,33.6,10.5,0.429,2.4,2.1,5.4,3.5,4.1,0.4,1.6,0.1,3.2,14.6,0.53,5.3,35.1,7.8,3.4,0.139,,13.9,,,,,,,,,
394,Vitaly Potapenko,Wright State,30.5,12.1,0.603,7.3,0,0.1,5.2,7.2,1.842602041,0.5,1,4.2,19.9,0.604,11.93196481,15.44281525,4,1.2,0.123,,11.8,,,,,,,,,
395,Alec Burks,Colorado,30.9,12.6,0.495,5.5,0.7,2.2,5.9,7.3,2.2,1.1,0.4,2.3,19,0.522,11.3,17,9.2,1.6,0.206,,13.6,,,,,,,,,
396,Samaki Walker,Louisville,29.5,9.7,0.57,5.5,0,0.1,3.2,5.6,1.842602041,0.7,2.4,1.9,14.3,0.572,11.93196481,15.44281525,2.1,1.1,0.087,,12.7,,,,,,,,,
397,Shane Battier,Duke,31.4,8.9,0.5,2.8,1.7,4.1,3,3.8,2.4,1.8,1.7,1.2,13.6,0.594,11.93196481,15.44281525,13.5,16.3,0.272,,12.6,,,,,,,,,
398,Derrick Brown,Xavier,25,6.5,0.573,3.2,0.5,1.2,2.4,3.3,1.9,0.7,0.8,1.6,10.3,0.612,14.5,11.4,8.6,6.6,0.231,,13.8,,,,,,,,,
399,Lee Nailon,TCU,31.9,17.7,0.532,9.4,0.1,0.3,4.9,6.7,1.842602041,1.5,1,3.2,23.9,0.534,11.93196481,15.44281525,6.7,4.7,0.166,,14,,,,,,,,,
400,Cory Joseph,Texas,32.4,8.9,0.422,2.3,1.4,3.5,1.4,2,0.6,1,0.3,1.5,10.4,0.503,6,17.3,2.2,2.2,0.152,,12.6,,,,,,,,,
401,Tony Wroten,Washington,30.3,12.8,0.443,5.4,0.3,1.6,4.4,7.5,2.3,1.9,0.4,3.8,16,0.453,9.3,24.5,1.6,1.6,0.12,,12.6,,,,,,,,,
402,Nick Young,USC,31.1,11.9,0.484,4.8,1,2.7,3,3.9,1.7,0.8,0.3,2.1,15.5,0.525,11.6,11.7,7.3,3.7,0.146,,12.9,,,,,,,,,
403,Keith Van Horn,Utah,30.6,14,0.522,5.6,1.7,4.2,4.5,5.3,1.842602041,0.7,1,2.3,20.8,0.583,11.93196481,15.44281525,10.5,5.3,0.17,,16.8,,,,,,,,,
404,DeMar DeRozan,USC,33.4,10.5,0.523,5.3,0.2,1,2.7,4.2,2.4,0.9,0.4,2.1,13.9,0.531,11.93196481,15.44281525,2.4,1.7,0.14,,17.9,,,,,,,,,
405,Leon Powe,California,32.5,12,0.492,5.9,0.1,0.2,5.9,8.8,3.4,0.8,0.6,2.2,17.8,0.495,18.6,8.2,4.4,3.8,0.186,,16.8,,,,,,,,,
406,Rafer Alston,Fresno State,28.7,9.4,0.401,1.8,2,5.9,1.5,2,1.842602041,2.1,0.4,2.2,11,0.508,11.93196481,15.44281525,1.4,1.7,0.184861163,,13.2,,,,,,,,,
407,Chauncey Billups,Colorado,33.9,13.1,0.413,3.2,2.2,5.7,5.6,6.5,1.842602041,1.9,0.1,3.7,18.5,0.497,11.93196481,15.44281525,5.7,2.5,0.177,,18.8,,,,,,,,,
408,Solomon Hill,Arizona,29,7.3,0.481,2.7,0.8,2.2,2.5,3.3,1.8,0.9,0.4,2.1,10.3,0.538,11.8,15.8,9,6,0.149,,9.1,,,,,,,,,
409,Andre Iguodala,Arizona,25.4,7.8,0.424,2.8,0.5,1.9,2.5,3.3,2.2,1.5,0.5,2.1,9.6,0.458,13.7,21.1,1.4,4,0.137,,15.7,,,,,,,,,
411,Marcus Fizer,Iowa State,32.9,13.9,0.511,6.9,0.2,0.7,4.4,6.3,1.842602041,0.9,0.9,2.3,18.9,0.519,11.93196481,15.44281525,9.2,7.1,0.256,,13.4,,,,,,,,,
412,Tyler Ennis,Syracuse,35.7,10.6,0.411,3.5,0.9,2.5,3.4,4.4,0.8,2.1,0.2,1.7,12.9,0.453,5.7,32.3,3.2,2.2,0.18,,10.3,,,,,,,,,
413,Renaldo Balkman,South Carolina,21.1,5.5,0.553,2.9,0.2,0.5,1.2,2.2,2.1,1.2,1.1,1.7,7.4,0.567,15,16.6,4.3,7.4,0.213,,14.3,,,,,,,,,
414,Baron Davis,UCLA,30.7,9.7,0.503,3.9,1,3.1,2.9,4.5,1.842602041,2.5,0.4,3.3,13.6,0.554,11.93196481,15.44281525,4.3,3,0.202,,17.8,,,,,,,,,
415,Andrew Wiggins,Kansas,32.8,12.1,0.448,4.2,1.2,3.6,5,6.5,2.2,1.2,1,2.3,17.1,0.499,10.4,9.2,3.2,1.7,0.17,,14.5,,,,,,,,,
416,Bonzi Wells,Ball State,31,16.4,0.48,6.6,1.2,3.8,4.5,6.5,1.842602041,3,0.8,3.6,21.4,0.517,11.93196481,15.44281525,9.3,8.6,0.161,,16.1,,,,,,,,,
417,John Thomas,Minnesota,20.7,5.7,0.496,2.8,0,0,1.5,2.8,1.842602041,0.6,0.8,1.5,7.1,0.496,11.93196481,15.44281525,2.4,6.6,0.141,,9.4,,,,,,,,,
418,JaVale McGee,Nevada,18.7,6.5,0.542,3.3,0.2,0.7,1.4,2.7,1.7,0.5,1.8,1.6,8.7,0.56,14.5,3.9,2.4,3.2,0.183,,19.3,,,,,,,,,
419,Kyle Korver,Creighton,27.7,9.3,0.472,1.5,2.9,6.4,2.4,2.7,1.5,1.3,0.5,1.8,14.1,0.629,11.4,19,15.6,7.1,0.256,,12.8,,,,,,,,,
420,Nik Stauskas,Michigan,32.9,9.2,0.467,2,2.3,5.2,3.2,3.9,0.5,0.6,0.3,1.5,14.1,0.591,5.7,13.4,8.5,2.3,0.174,,9,,,,,,,,,
421,Juan Dixon,Maryland,28.4,12.1,0.468,4,1.7,4.4,3,3.6,1.3,2.4,0.2,2.5,16.1,0.538,7,15.8,12.2,8.4,0.206,,12.8,,,,,,,,,
422,Alvin Williams,Villanova,30,8.4,0.443,2.7,1,2.9,2.4,3.4,1.842602041,1.5,0.3,2.3,10.9,0.504,11.93196481,15.44281525,5.5,3.6,0.094,,13.7,,,,,,,,,
423,Jahidi White,Georgetown,13.1,4.1,0.539,2.2,0,0,1.2,2.6,1.842602041,0.5,1.4,1.5,5.6,0.539,11.93196481,15.44281525,2.2,8,0.243,,14.2,,,,,,,,,
424,DeMarre Carroll,Overall,24.5,8.4,0.535,4.3,0.2,0.7,2.1,3.5,2.4,1.1,0.4,1.3,11.2,0.547,14,13.7,7,7.9,0.181,,13.5,,,,,,,,,
425,Austin Daye,Gonzaga,22.5,8.6,0.477,3.2,0.9,2.2,2.5,3.1,0.9,0.7,1.9,1.9,11.6,0.53,14.6,9.1,4.1,6.2,0.274,,11.6,,,,,,,,,
426,Jeff Withey,Kansas,19.8,4.9,0.568,2.8,0,0,2.4,3.3,1.6,0.5,2.7,1.2,8,0.569,15.9,5.8,6.6,6.4,0.224,,16.9,,,,,,,,,
427,J.J. Hickson,NC State,28.7,8.9,0.591,5.3,0,0,4.3,6.3,2.6,0.7,1.5,2.7,14.8,0.591,17.4,9.2,3.2,0.7,0.175,,16.1,,,,,,,,,
428,Rodney White,Charlotte,30.9,13.8,0.487,5.5,1.2,3.4,4.1,5.7,1.8,1.2,0.7,2.9,18.7,0.53,11.93196481,15.44281525,2.5,1.9,0.202,,12.3,,,,,,,,,
429,Al Thornton,Florida State,22,8.3,0.528,3.9,0.5,1.2,3,4.2,2.1,0.8,0.6,1.7,12.3,0.559,14.6,7.3,8.9,4.6,0.199,,12.3,,,,,,,,,
430,Nerlens Noel,Kentucky,31.9,6.9,0.59,4.1,0,0,2.3,4.3,2.7,2.1,4.4,1.9,10.5,0.59,17.4,9.5,1.6,2.3,0.206,,16.9,,,,,,,,,
431,Corey Brewer,Florida,27.2,8.2,0.48,3,0.9,2.6,2.5,3.6,1.3,1.6,0.4,2.3,11.3,0.535,9.2,19.1,6.4,6.6,0.177,,11.8,,,,,,,,,
432,Nick Collison,Kansas,27.4,10.7,0.562,5.9,0.2,0.5,2.5,4,3,1.1,1.7,2.4,14.8,0.57,15.1,8.5,11,14.2,0.259,,13.2,,,,,,,,,
433,Jelani McCoy,UCLA,28,6.4,0.694,4.4,0,0,1.5,3.3,1.842602041,0.6,2.4,2.3,10.4,0.694,11.93196481,15.44281525,6.2,3.5,0.189,,12.6,,,,,,,,,
434,Wayne Ellington,UNC,28.5,11.6,0.463,3.4,2,5,2,2.5,1.1,0.9,0.1,1.5,14.7,0.549,8,12.6,8,5.4,0.164,,11.1,,,,,,,,,
435,Othella Harrington,Georgetown,28.2,8.8,0.561,4.9,0,0,4.1,5.6,1.842602041,0.8,1.5,2.5,13.9,0.561,11.93196481,15.44281525,2.9,3.7,0.071,,12.5,,,,,,,,,
436,Todd Fuller,NC State,27.4,10.2,0.498,4.9,0.1,0.5,3.5,4.3,1.842602041,0.3,1.3,1.5,13.8,0.506,11.93196481,15.44281525,3.5,2.6,0.078,,10.3,,,,,,,,,
437,Charles Smith,New Mexico,30,13,0.449,4.2,1.6,4.8,2.5,3.4,1.842602041,1.4,0.8,2.3,15.8,0.513,11.93196481,15.44281525,6.4,3.9,0.109,,11.5,,,,,,,,,
438,Ty Lawson,UNC,27,8.5,0.517,3.3,1.1,2.6,3.2,4.1,0.6,1.8,0.1,2.1,13.1,0.579,5.4,34.4,9,6.7,0.221,,17.2,,,,,,,,,
439,Nate Robinson,Washington,28.2,11,0.457,3.6,1.4,4.1,3,3.7,1.6,1.6,0.1,2,14.4,0.523,7.8,20.5,5.9,3.4,0.149,,15.6,,,,,,,,,
440,Kendall Marshall,UNC,28.8,5.6,0.446,1.8,0.7,1.8,1.5,2.2,0.2,1.1,0.1,2.6,7.2,0.505,4.2,43.2,3.7,3.3,0.132,,10.7,,,,,,,,,
441,Brandon Knight,Kentucky,35.9,13.5,0.423,3.4,2.3,6.1,3.6,4.5,0.7,0.7,0.2,3.2,17.3,0.508,6.3,23.4,3.6,1.8,0.157,,14.1,,,,,,,,,
442,Nick Calathes,Florida,33,11.6,0.455,3.5,1.8,4.8,3.9,5.4,1,1.8,0.1,3.1,16.3,0.533,11.93196481,15.44281525,6.3,4.6,0.184,,12.3,,,,,,,,,
443,D.J. White,Indiana,30.6,9.8,0.562,5.5,0,0,3.5,5.1,2.4,0.7,2,1.7,14.6,0.563,15.3,6.6,9.1,9.4,0.244,,14.5,,,,,,,,,
444,Delonte West,St. Joseph's,26.8,10.3,0.489,3.8,1.3,3.4,2.5,3,1,1.4,0.2,2,13.9,0.551,11.93196481,15.44281525,7.8,5.1,0.216,,13.9,,,,,,,,,
445,Tony Battie,Texas Tech,24.7,7.7,0.545,4.1,0.1,0.4,2.1,3.3,1.842602041,0.6,1.9,1.6,10.7,0.553,11.93196481,15.44281525,4.5,6.3,0.199,,12.6,,,,,,,,,
446,Marvin Williams,UNC,22.2,6.9,0.506,2.9,0.5,1.2,3.8,4.5,1.8,1.1,0.5,1.6,11.3,0.545,16,5.4,2.6,2.1,0.239,,13.7,,,,,,,,,
447,Taj Gibson,USC,32.7,8.2,0.58,4.8,0,0,2.9,4.6,2.9,0.7,2.4,2.5,12.4,0.58,14.8,8.4,8.4,10.1,0.215,,15.5,,,,,,,,,
448,David Lee,Florida,25,7.4,0.581,4.3,0,0,2.8,4,2.2,0.9,0.9,2.1,11.3,0.581,16.3,17.3,9.6,8.4,0.227,,19.1,,,,,,,,,
450,Jordan Farmar,UCLA,32.2,10.8,0.41,3,1.5,4.4,3,4,0.6,1.2,0.2,3.8,13.3,0.478,5.7,33.9,3.3,3.2,0.122,,13.3,,,,,,,,,
451,Keyon Dooling,Missouri,28.1,9.2,0.411,2.6,1.1,3.4,3.4,4.7,1.842602041,1.3,0.5,2.3,12.1,0.472,11.93196481,15.44281525,2.9,3.1,0.146,,11.5,,,,,,,,,
452,Solomon Jones,South Florida,31.2,7.3,0.505,3.7,0,0,2.5,3.6,2.6,0.6,2.6,2.7,9.8,0.505,15.3,7.9,2.7,3.8,0.142,,10.2,,,,,,,,,
453,Brian Cook,Illinois,25.7,9.4,0.51,4.1,0.7,2.1,2.9,3.7,1.8,0.7,1,2,13.2,0.547,14.2,14,10.6,9.9,0.241,,13.1,,,,,,,,,
454,Bill Walker,Kansas State,26.6,12.3,0.456,4.6,0.9,3.3,3.2,4.4,2.4,0.8,0.5,2.5,15.3,0.494,12.6,14.7,1.8,2.7,0.185,,10.8,,,,,,,,,
455,Jerryd Bayless,Arizona,35.7,12.6,0.458,3.8,2,4.8,6.2,7.4,0.4,1,0.1,3,19.7,0.536,4.9,25,4,0.8,0.178,,12.2,,,,,,,,,
456,Quentin Richardson,DePaul,34.2,14,0.454,4.5,1.8,5,3.4,4.7,1.842602041,0.9,0.3,2.2,17.9,0.519,11.93196481,15.44281525,5.5,4.6,0.185,,12.9,,,,,,,,,
457,Kris Humphries,Minnesota,34.1,17.2,0.444,7,0.6,1.7,5.9,7.9,3.1,0.9,1.1,2.8,21.7,0.461,17.2,5.1,1.8,1.7,0.14,,15.4,,,,,,,,,
458,Greg Oden,Ohio State,28.9,9.6,0.616,5.9,0,0,3.8,6.1,3.5,0.6,3.3,2,15.7,0.616,11.93196481,15.44281525,3.6,4.6,0.355,,18.7,,,,,,,,,
459,Hasheem Thabeet,UConn,29.3,5.9,0.611,3.6,0,0,3.1,5,3,0.4,4.2,1.8,10.3,0.611,17.9,2.9,7.2,12.8,0.272,,10.3,,,,,,,,,
460,James Jones,Miami (FL),27.5,8.9,0.426,2.8,1,2.7,2.5,3,2,1.1,1.6,1.5,11.1,0.483,10.3,10.3,5.2,9.1,0.171,,11.3,,,,,,,,,
461,Charlie Villanueva,UConn,22.3,8.3,0.518,3.9,0.4,1,2.2,3.2,2.2,0.4,1.7,1.7,11.2,0.541,14,6.9,3.5,4.8,0.238,,16,,,,,,,,,
462,Kyle Anderson,UCLA,31.6,9.4,0.452,3.8,0.5,1.4,3.1,4.3,1.7,1.8,0.8,2.6,12.2,0.479,15.9,28,4.6,4.8,0.167,,13.6,,,,,,,,,
463,Sam Young,Pitt,25.5,10.1,0.498,4.2,0.8,2.3,2.4,3.4,1.8,0.8,0.8,1.9,13.2,0.538,11.4,7.9,9.1,10.5,0.216,,11.5,,,,,,,,,
464,Raef LaFrentz,Kansas,27.5,11.3,0.555,6.2,0.1,0.3,3.1,4.3,1.842602041,0.7,1.1,2,15.8,0.56,11.93196481,15.44281525,10.2,10.3,0.227,,16.1,,,,,,,,,
465,Royal Ivey,Texas,24.7,6.1,0.455,2.4,0.4,1.2,1.9,2.6,1.1,0.9,0.2,1.5,7.8,0.488,7,17.4,3.7,6.3,0.121,,8.4,,,,,,,,,
466,Travis Knight,UConn,18.5,5,0.518,2.6,0,0,1,1.6,1.842602041,0.6,1.4,1.4,6.1,0.518,11.93196481,15.44281525,1.4,4.4,0.102,,11.4,,,,,,,,,
467,Jameer Nelson,St. Joseph's,34.5,12.4,0.454,3.8,1.8,5,3.7,4.7,1,2,0.1,3,16.8,0.527,11.93196481,15.44281525,11.7,8.2,0.184,,14.4,,,,,,,,,
468,Jason Kapono,UCLA,34,11.7,0.469,3,2.5,5.6,3,3.6,1.6,0.9,0.1,2.3,16.5,0.575,8.6,11.8,13.7,3.5,0.159,,10.5,,,,,,,,,
469,Jamaal Magloire,Kentucky,21.2,5.4,0.503,2.7,0,0,1.9,3,1.842602041,0.5,1.8,1.9,7.3,0.503,11.93196481,15.44281525,4.4,12.8,0.253,,13.5,,,,,,,,,
470,Eduardo Najera,Oklahoma,31.3,11.3,0.43,4.2,0.7,2.3,2.7,4,1.842602041,1.5,0.7,2.1,13.1,0.46,11.93196481,15.44281525,3.5,12.2,0.183,,12,,,,,,,,,
471,Perry Jones,Baylor,32.2,10.5,0.522,5.3,0.2,0.7,2.6,3.8,2.7,0.7,0.7,2,13.7,0.531,14.2,8.3,5,3.2,0.162,,8.5,,,,,,,,,
472,Shane Larkin,Miami (FL),31.3,8.6,0.438,2.3,1.5,4,2.2,2.7,0.5,1.8,0.1,2.1,11.2,0.524,6.3,23.4,5.1,3.3,0.159,,11.4,,,,,,,,,
473,Justin Hamilton,Overall,21.8,5.6,0.535,3,0,0.1,1.8,2.5,2.4,0.4,1,1.1,7.9,0.538,13.7,4.8,5,3.2,0.157,,13.9,,,,,,,,,
474,Cody Zeller,Indiana,29,9.4,0.592,5.5,0,0,5,6.6,2.6,1.2,1.2,2,16.1,0.592,15.7,9.5,9.9,4.2,0.271,,15.5,,,,,,,,,
475,Trenton Hassell,Austin Peay,36.2,14.6,0.471,5.4,1.5,4.2,4.1,5.3,2.6,1.1,0.7,3.4,19.4,0.521,11.93196481,15.44281525,8.2,2.6,0.141,,8.4,,,,,,,,,
476,Mike Muscala,Bucknell,28.7,10.8,0.501,5.3,0.2,0.5,4.3,5.2,2.3,0.4,2,1.6,15.3,0.508,17.8,13.7,14.6,8.3,0.241,,13.5,,,,,,,,,
477,Shabazz Napier,UConn,32.3,10.1,0.411,2.3,1.8,4.8,3.6,4.4,0.7,1.8,0.2,2.4,13.7,0.501,7.3,29.2,12.8,7.4,0.175,,12.7,,,,,,,,,
478,Courtney Alexander,Overall,30.9,15.8,0.456,5.7,1.5,4.1,3,3.9,1.842602041,1.1,0.2,2,18.9,0.503,11.93196481,15.44281525,7.9,3.6,0.134,,11.5,,,,,,,,,
479,Ryan Bowen,Iowa,22.8,5.8,0.575,3.2,0.2,0.4,2.4,3.4,1.842602041,1.7,1,1.4,9.1,0.588,11.93196481,15.44281525,7.1,7.3,0.153,,10.5,,,,,,,,,
480,Avery Bradley,Texas,29.5,10.8,0.432,3.4,1.2,3.3,1.1,1.9,1,1.3,0.5,1.5,11.6,0.489,5.1,12.4,1.6,1.6,0.127,,11.3,,,,,,,,,
481,Dwight Powell,Stanford,26.2,8.2,0.464,3.5,0.2,0.8,3,4.1,1.7,0.9,0.9,2.1,10.8,0.479,14.3,14.6,6.1,6.9,0.146,,18.3,,,,,,,,,
482,Steve Francis,Maryland,30.7,11.5,0.523,4.7,1.3,3.4,3.6,4.6,1.842602041,2.8,0.2,3,17,0.58,11.93196481,15.44281525,4.1,2.5,0.251,,18.3,,,,,,,,,
483,Metta World Peace,St. John's (NY),34.2,10.9,0.445,3.5,1.3,3.8,2.1,3.6,1.842602041,1.9,1.2,2.8,13.1,0.506,11.93196481,15.44281525,3.1,8,0.246,,14.8,,,,,,,,,
484,Rashad McCants,UNC,29.2,12.9,0.486,4,2.3,5.4,2.8,3.8,1.5,1.5,0.6,2.2,17.6,0.574,7.6,14.3,9.9,4.9,0.207,,12.9,,,,,,,,,
485,Acie Law,Texas A&M,30.8,10.6,0.466,4,0.9,2.6,2.8,3.7,0.5,1.3,0,2.5,13.7,0.51,5.7,31.8,7.9,5.7,0.145,,9.9,,,,,,,,,
486,Jimmer Fredette,BYU,29.6,13.3,0.455,3.9,2.1,5.4,4.5,5.1,0.5,1.2,0.1,2.5,18.7,0.535,5,26.3,16.8,6.2,0.223,,12.6,,,,,,,,,
487,Gorgui Dieng,Louisville,27.3,6.1,0.545,3.3,0,0,1.7,2.7,3,1,2.6,1.6,8.3,0.546,16.6,9,5.4,7.8,0.19,,16,,,,,,,,,
488,Trevor Booker,Clemson,28.4,9.2,0.559,5,0.2,0.5,2.4,3.9,3,1.1,1.9,1.9,12.9,0.569,16.4,14,10.5,13.3,0.25,,15,,,,,,,,,
489,Iman Shumpert,Georgia Tech,31.3,10.6,0.396,3,1.2,4,3.1,4.1,1.1,2.3,0.2,3,12.7,0.453,7.9,26.5,4.1,5.5,0.135,,9.9,,,,,,,,,
490,Antawn Jamison,UNC,33.6,13.1,0.577,7.5,0.1,0.3,3.8,6.1,1.842602041,0.9,0.8,1.8,19,0.58,11.93196481,15.44281525,11.8,7.5,0.195,,18.1,,,,,,,,,
491,Dwyane Wade,Marquette,30.7,14.8,0.494,6.8,0.5,1.5,4.6,6.2,2.2,2.3,1.2,3.1,19.7,0.511,13.6,27.9,6,7.3,0.268,,23.6,,,,,,,,,
492,Derrick Favors,Georgia Tech,27.5,8.1,0.611,5,0,0,2.5,4,3,0.9,2.1,2.5,12.4,0.611,16.5,7.9,2.3,2.5,0.195,,18.8,,,,,,,,,
493,Marc Jackson,Overall,30.5,9.4,0.475,4.4,0,0.1,3.4,4.9,1.842602041,0.6,0.5,1.9,12.5,0.478,11.93196481,15.44281525,4.5,6.3,0.167,,14.1,,,,,,,,,
494,David Harrison,Colorado,28.2,9.2,0.601,5.6,0,0,3.9,7,3.4,0.6,2.6,2.4,15,0.601,11.93196481,15.44281525,7.7,6.7,0.232,,10.9,,,,,,,,,
495,Eric Washington,Alabama,25.6,10.9,0.435,2.4,2.3,6.1,1.9,2.4,1.842602041,1.3,0.5,1.7,13.7,0.542,11.93196481,15.44281525,5.8,4.6,0.144,,9.5,,,,,,,,,
496,Jon Leuer,Wisconsin,22.8,8.7,0.482,3.4,0.8,2.2,2,2.7,1.3,0.4,0.7,1.2,11.2,0.529,12.8,12.4,8.9,5.6,0.207,,14.5,,,,,,,,,
497,Ricky Davis,Iowa,28.7,12,0.466,4.7,0.9,2.9,2.9,4.2,1.842602041,1.2,0.3,2.2,15,0.504,11.93196481,15.44281525,1.8,1.5,0.184861163,,14.7,,,,,,,,,
498,Francisco Elson,California,19.8,4.8,0.477,2.3,0,0,0.9,1.7,1.842602041,0.8,1.2,1.1,5.5,0.477,11.93196481,15.44281525,0.5,4.1,0.197,,10,,,,,,,,,
499,Aaron Gray,Pitt,20.9,7,0.55,3.8,0,0,2.1,3.6,2.5,0.4,1.2,1.6,9.8,0.55,19.4,14,5.6,9.4,0.254,,11.5,,,,,,,,,
500,Keith Bogans,Kentucky,29,11.4,0.437,3.1,1.9,5.5,2.4,3.5,1.6,1.1,0.1,2.3,14.2,0.52,11.93196481,15.44281525,8.2,6.8,0.153,,9.6,,,,,,,,,
501,Mark Pope,Overall,25.6,6.1,0.526,2.8,0.4,0.9,2.6,3.4,1.842602041,0.9,0.9,1.8,9.4,0.557,11.93196481,15.44281525,1.2,3.2,0.055,,6.4,,,,,,,,,
502,Trevor Ariza,UCLA,31.6,10,0.426,3.6,0.7,3,2.3,4.5,2.4,1.7,0.4,3.2,11.6,0.462,11.93196481,15.44281525,0.2,0.8,0.052,,13.3,,,,,,,,,
503,Luke Walton,Arizona,27.2,7.6,0.426,2.8,0.5,1.8,2.1,3.1,1.6,1.2,0.4,2.6,9.1,0.459,10.4,30.2,2.7,7.7,0.118,,11.7,,,,,,,,,
504,Elton Brand,Duke,29.3,9.7,0.612,5.9,0,0,4.4,6.5,1.842602041,1.4,1.9,1.7,16.2,0.612,11.93196481,15.44281525,6.8,7.7,0.35,,20.5,,,,,,,,,
505,Brian Skinner,Baylor,31.7,11.4,0.575,6.5,0,0,3.5,6.2,1.842602041,1.1,3.4,2.6,16.5,0.575,11.93196481,15.44281525,8.2,9.2,0.201,,12,,,,,,,,,
506,Tim Thomas,Villanova,31.4,13,0.45,4.4,1.5,4.4,3.8,4.8,1.842602041,1.8,1,2.8,16.9,0.506,11.93196481,15.44281525,2.6,2,0.183,,14,,,,,,,,,
507,Danny Granger,Overall,28.4,11.2,0.496,4.7,0.8,2.2,4.7,6.3,2.5,1.6,1.9,2.3,16.7,0.533,17.7,17.6,9.6,8.7,0.272,,16.9,,,,,,,,,
508,Kelly Olynyk,Gonzaga,17.2,5.6,0.594,3.1,0.2,0.7,2,2.8,1.5,0.5,0.5,1.4,8.9,0.616,16,13.1,6.7,3.6,0.237,,16,,,,,,,,,
509,Julian Wright,Kansas,24.1,8,0.555,4.4,0,0.2,1.5,2.5,2.1,1.2,1.3,2.2,10.4,0.557,14.5,15.9,3.7,7.1,0.252,,12.8,,,,,,,,,
510,Mike Scott,Virginia,26.6,8.6,0.521,4.4,0.1,0.3,2.7,3.5,2.6,0.7,0.4,1.6,11.8,0.529,16.6,8.9,8.9,6.7,0.18,,13.5,,,,,,,,,
511,Larry Hughes,Saint Louis,28.7,16.9,0.415,5.7,1.3,4.5,5.6,8.1,1.842602041,2.2,0.4,2.2,20.9,0.454,11.93196481,15.44281525,1.8,2.5,0.184861163,,14.9,,,,,,,,,
512,Dion Glover,Georgia Tech,28.7,15.2,0.441,5.4,1.4,5,3.6,5.6,1.842602041,2.1,0.2,2.2,18.4,0.486,11.93196481,15.44281525,1.7,1.7,0.184861163,,12.8,,,,,,,,,
513,Rajon Rondo,Kentucky,28.1,7.4,0.493,3.3,0.4,1.5,1.9,3.3,0.8,2.3,0.2,2.2,9.6,0.521,9.3,28.9,2.7,5.1,0.163,,16.2,,,,,,,,,
514,Michael Olowokandi,Pacific,15.7,9.7,0.592,5.8,0,0,2,4.3,1.842602041,0.2,2.1,1.4,13.5,0.592,11.93196481,15.44281525,5.9,6.9,0.268,,10.7,,,,,,,,,
515,Khris Middleton,Texas A&M,26,9.1,0.431,2.9,1.1,3.3,2.4,3.1,1.5,1,0.2,2,11.3,0.489,10.6,18.7,4.8,4,0.156,,15.5,,,,,,,,,
516,Hanno Mottola,Utah,25.1,9,0.5,3.9,0.6,1.8,2.9,3.7,1.842602041,0.3,0.4,1.8,12.4,0.533,11.93196481,15.44281525,9.4,5.8,0.207,,8.1,,,,,,,,,
517,Von Wafer,Florida State,21.6,8.7,0.405,1.7,1.8,4.9,1.3,1.9,0.4,0.9,0.2,1.4,10.1,0.508,5.7,14.4,2.1,1.2,0.101,,11.8,,,,,,,,,
518,Wilson Chandler,DePaul,31.1,11.4,0.445,4.3,0.8,2.6,2,3,1.9,0.7,1.5,1.8,12.9,0.48,14.1,7,1.6,3.9,0.119,,13.1,,,,,,,,,
519,Zach LaVine,UCLA,24.4,7.8,0.441,2.1,1.3,3.5,1.3,1.8,0.5,0.9,0.2,1.1,9.4,0.524,6.1,12.6,1.4,1.2,0.111,,14.8,,,,,,,,,
520,Dan Dickau,Overall,32.1,8.7,0.451,1.7,2.2,4.8,3.3,3.8,0.5,0.7,0.1,3,13.3,0.578,11.93196481,15.44281525,9.5,2.9,0.209,,12.9,,,,,,,,,
521,Scott Padgett,Kentucky,22.8,7.7,0.449,2.2,1.2,3.4,2.1,2.7,1.842602041,1.2,0.6,1.5,10.3,0.53,11.93196481,15.44281525,6.9,8.2,0.208,,12.9,,,,,,,,,
522,Thaddeus Young,Georgia Tech,29.6,11.9,0.478,4.5,1.3,3,1.7,2.3,2.3,1.3,0.4,2.2,14.4,0.531,11.93196481,15.44281525,1.8,1.5,0.145,,16.4,,,,,,,,,
523,T.J. Warren,NC State,31.2,13.6,0.555,6.9,0.6,2,2.8,4.3,2.7,1.5,0.5,1.7,18.5,0.579,10.7,7.4,8.1,2.5,0.194,,16.2,,,,,,,,,
524,Jason Collier,Overall,29.6,10.8,0.458,4.2,0.7,1.9,3.3,4.6,1.842602041,0.6,1.1,2.9,13.9,0.491,11.93196481,15.44281525,5.3,4.2,0.134,,11.7,,,,,,,,,
525,Ramon Sessions,Nevada,29.2,7.6,0.417,2.9,0.3,0.8,2.2,3,1,1.2,0.1,2.6,8.8,0.434,8.2,31,1.3,5.9,0.102,,15.9,,,,,,,,,
526,Patrick Beverley,Arkansas,34.1,9.7,0.42,2.1,2,5.2,2.8,3.9,1.2,1.5,0.4,2,13,0.521,9.5,15.6,4.3,3.9,0.138,,12.5,,,,,,,,,
527,Kerry Kittles,Villanova,36.1,14.1,0.478,4.5,2.3,5.8,2.6,3.7,1.842602041,2.3,0.4,2,18.4,0.558,11.93196481,15.44281525,3.2,2.4,0.05,,16,,,,,,,,,
528,Corey Maggette,Duke,17.7,6.7,0.525,2.8,0.7,2.2,2.8,4,1.842602041,0.7,0.4,2.1,10.6,0.58,11.93196481,15.44281525,2.7,1.8,0.263,,17.9,,,,,,,,,
529,Al-Farouq Aminu,Wake Forest,30.1,10.6,0.476,4.6,0.4,1.7,3.9,5.7,3.3,1.2,1.3,2.9,14.4,0.495,17.6,9.1,3.9,4.4,0.179,,12.4,,,,,,,,,
530,Jerami Grant,Syracuse,21.9,5.3,0.486,2.5,0.1,0.3,2.2,3.5,1.7,0.6,0.5,0.9,7.5,0.494,12.6,8.1,3.6,3,0.168,,12.6,,,,,,,,,
531,Devin Harris,Wisconsin,35,10.2,0.447,2.6,1.9,5.2,3.8,4.8,0.7,1.7,0.4,1.8,14.8,0.542,7.7,28.8,9.8,7.8,0.21,,16,,,,,,,,,
532,Craig Smith,Boston College,34,12.7,0.558,7,0.1,0.5,3.8,5.9,3,1.3,0.8,2.3,18.1,0.563,14.5,11,13.2,10.2,0.212,,16.2,,,,,,,,,
533,Malik Rose,Drexel,30.4,11.1,0.549,6.1,0.1,0.2,4.6,7.2,1.842602041,0.8,1,2.8,16.9,0.552,11.93196481,15.44281525,4.7,4.4,0.099,,13.4,,,,,,,,,
534,Wesley Johnson,Overall,31.6,10.9,0.454,3.6,1.4,4,2.6,3.3,2.2,1.1,1.2,2.2,13.9,0.518,11.6,11.9,5.9,6.3,0.167,,10,,,,,,,,,
535,Joe Harris,Virginia,30.3,9.5,0.445,2.3,1.9,4.8,2.2,3.1,0.9,0.9,0.4,1.6,12.6,0.548,8.1,14.6,10,7.8,0.174,,11.8,,,,,,,,,
536,John Henson,UNC,23.8,8.8,0.497,4.3,0,0.2,1.6,3.2,2.5,0.6,2.5,1.5,10.3,0.5,17.6,7.8,4.1,6.7,0.166,,17.1,,,,,,,,,
537,John Wallace,Syracuse,33,11.6,0.533,5.9,0.3,0.8,4,5.4,1.842602041,1.1,1.6,3.1,16.7,0.547,11.93196481,15.44281525,4.5,3.5,0.077,,14,,,,,,,,,
538,Tyler Zeller,UNC,23,8.6,0.543,4.7,0,0,3.5,4.5,2.7,0.7,1.1,1.4,12.8,0.543,15.1,4.9,9.9,5.6,0.231,,14.9,,,,,,,,,
539,Kentavious Caldwell-Pope,Georgia,33,12.7,0.415,3,2.3,6.9,2.9,3.9,1.3,1.9,0.4,1.6,15.8,0.507,11.5,13.3,5.8,3.8,0.182,,12,,,,,,,,,
540,Tony Allen,Oklahoma State,31.4,11.5,0.477,4.7,0.8,2.2,3.5,5.2,1.7,2,0.8,2.8,15.3,0.51,9.6,19,4.6,6.3,0.206,,14.2,,,,,,,,,
541,Jeff Taylor,Vanderbilt,29.3,10.3,0.483,4.1,0.9,2.4,3.4,4.9,2.1,1.1,0.4,2.3,14.2,0.524,11.2,14.3,10.4,6,0.167,,8.9,,,,,,,,,
542,Javaris Crittenton,Georgia Tech,31.3,11,0.45,3.8,1.1,3.2,3.4,4.3,0.9,2,0.1,3.9,14.4,0.501,11.93196481,15.44281525,2,1.7,0.145,,10.6,,,,,,,,,
543,Dion Waiters,Syracuse,20.4,7.7,0.453,2.5,1,2.8,1.8,2.3,0.4,1.5,0.2,1.1,9.7,0.516,5.5,19.7,4.4,2.7,0.198,,12,,,,,,,,,
,,,,,,,,,,,,,,,,,,,,,,,,,,,,,,,,
,,MAX,38.3,18.5,0.694,9.4,4,9.7,7.4,9.4,5.5,3.2,5.7,4.2,26.2,0.694,25.8,44.6,21.6,18,0.413,,27.4,,,,,,,,,
,,AVG,28.6516791,10.06387337,0.491735568,3.997951583,0.888826816,2.460893855,3.052327747,4.257914339,1.842602041,1.153445065,0.945810056,2.189493433,13.71824953,0.53303352,11.93196481,15.44281525,6.23594041,5.406703911,0.184861163,,13.83296089,,,,,,,,Maximum Correlation,Category
,,COR,0.70371307,0.561987385,0.186000717,0.350539401,0.72712563,0.126554984,0.38829545,0.282138354,0.762051876,0.492415955,0.28948409,0.519989705,0.164323839,0.285246455,0.626637572,0.325015964,0.878137483,0.421195227,0.352153388,,,,,,,,,,0.391431065,WS/40
,,,GOOD,GOOD,GOOD,GOOD,GOOD,GOOD,GOOD,GOOD,GOOD,GOOD,GOOD,GOOD,GOOD,GOOD,GOOD,GOOD,GOOD,GOOD,GOOD,,,,,,,,,,,
